-- phpMyAdmin SQL Dump
-- version 4.8.5
-- https://www.phpmyadmin.net/
--
-- Máy chủ: localhost
-- Thời gian đã tạo: Th7 09, 2019 lúc 11:30 AM
-- Phiên bản máy phục vụ: 10.1.39-MariaDB
-- Phiên bản PHP: 7.1.29

SET SQL_MODE = "NO_AUTO_VALUE_ON_ZERO";
SET AUTOCOMMIT = 0;
START TRANSACTION;
SET time_zone = "+00:00";


/*!40101 SET @OLD_CHARACTER_SET_CLIENT=@@CHARACTER_SET_CLIENT */;
/*!40101 SET @OLD_CHARACTER_SET_RESULTS=@@CHARACTER_SET_RESULTS */;
/*!40101 SET @OLD_COLLATION_CONNECTION=@@COLLATION_CONNECTION */;
/*!40101 SET NAMES utf8mb4 */;

--
-- Cơ sở dữ liệu: `QLCDRSV`
--

-- --------------------------------------------------------

--
-- Cấu trúc bảng cho bảng `CHUANG`
--

CREATE TABLE `CHUANG` (
  `MACHUANG` char(10) NOT NULL,
  `GHICHU` varchar(40) DEFAULT NULL
) ENGINE=InnoDB DEFAULT CHARSET=latin1;

--
-- Đang đổ dữ liệu cho bảng `CHUANG`
--

INSERT INTO `CHUANG` (`MACHUANG`, `GHICHU`) VALUES
('G1', NULL),
('G2', NULL),
('G3', NULL),
('G4', NULL),
('G5', NULL);

-- --------------------------------------------------------

--
-- Cấu trúc bảng cho bảng `CHUANL`
--

CREATE TABLE `CHUANL` (
  `MACHUANL` char(10) NOT NULL,
  `GHICHU` varchar(40) DEFAULT NULL
) ENGINE=InnoDB DEFAULT CHARSET=latin1;

--
-- Đang đổ dữ liệu cho bảng `CHUANL`
--

INSERT INTO `CHUANL` (`MACHUANL`, `GHICHU`) VALUES
('LO1', NULL),
('LO10', NULL),
('LO11', NULL),
('LO12', NULL),
('LO13', NULL),
('LO2', NULL),
('LO3', NULL),
('LO4', NULL),
('LO5', NULL),
('LO6', NULL),
('LO7', NULL),
('LO8', NULL),
('LO9', NULL);

-- --------------------------------------------------------

--
-- Cấu trúc bảng cho bảng `CHUAN_L_G_MON`
--

CREATE TABLE `CHUAN_L_G_MON` (
  `MACHUANL` char(10) NOT NULL,
  `MACHUANG` char(10) NOT NULL,
  `MAMH` char(10) NOT NULL
) ENGINE=InnoDB DEFAULT CHARSET=latin1;

--
-- Đang đổ dữ liệu cho bảng `CHUAN_L_G_MON`
--

INSERT INTO `CHUAN_L_G_MON` (`MACHUANL`, `MACHUANG`, `MAMH`) VALUES
('LO1', 'G1', 'IE104'),
('LO1', 'G1', 'IT001'),
('LO1', 'G1', 'IT002'),
('LO1', 'G1', 'MM001'),
('LO1', 'G2', 'IT001'),
('LO1', 'G2', 'IT002'),
('LO10', 'G1', 'IT001'),
('LO10', 'G2', 'IE105'),
('LO10', 'G2', 'IT002'),
('LO10', 'G3', 'IE105'),
('LO10', 'G3', 'IT001'),
('LO11', 'G2', 'IE103'),
('LO12', 'G3', 'IE103'),
('LO12', 'G3', 'IT002'),
('LO12', 'G4', 'IT002'),
('LO13', 'G4', 'IE007'),
('LO13', 'G4', 'IE103'),
('LO13', 'G5', 'IT002'),
('LO2', 'G1', 'IE007'),
('LO2', 'G1', 'IE103'),
('LO2', 'G1', 'IE105'),
('LO2', 'G1', 'MA003'),
('LO2', 'G2', 'IE007'),
('LO2', 'G2', 'IE104'),
('LO2', 'G3', 'IE104'),
('LO3', 'G1', 'IT006'),
('LO3', 'G2', 'MA003'),
('LO3', 'G3', 'IT001'),
('LO4', 'G1', 'MA003'),
('LO4', 'G2', 'MM001'),
('LO4', 'G3', 'MA003'),
('LO5', 'G1', 'IE006'),
('LO5', 'G2', 'IE105'),
('LO5', 'G2', 'IT001'),
('LO5', 'G2', 'IT006'),
('LO5', 'G3', 'IE104'),
('LO5', 'G3', 'IE105'),
('LO5', 'G4', 'IE104'),
('LO6', 'G2', 'IE006'),
('LO6', 'G5', 'IE104'),
('LO7', 'G3', 'IT006'),
('LO7', 'G3', 'MM001'),
('LO7', 'G4', 'IE105'),
('LO7', 'G4', 'MM001'),
('LO8', 'G3', 'IE006'),
('LO9', 'G3', 'IE007');

-- --------------------------------------------------------

--
-- Cấu trúc bảng cho bảng `DETHI`
--

CREATE TABLE `DETHI` (
  `MADETHI` char(10) NOT NULL,
  `MALOPHOC` char(10) DEFAULT NULL,
  `LOAIDE` char(10) DEFAULT NULL,
  `TYLE` char(10) DEFAULT NULL,
  `SOCAU` char(1) DEFAULT NULL
) ENGINE=InnoDB DEFAULT CHARSET=latin1;

--
-- Đang đổ dữ liệu cho bảng `DETHI`
--

INSERT INTO `DETHI` (`MADETHI`, `MALOPHOC`, `LOAIDE`, `TYLE`, `SOCAU`) VALUES
('IE006.5.CK', 'IE006.5', 'CK', '40', '3'),
('IE006.5.GK', 'IE006.5', 'GK', '40', '3'),
('IE007.6.CK', 'IE007.6', 'CK', '40', '4'),
('IE007.6.GK', 'IE007.6', 'GK', '40', '4'),
('IE103.1.CK', 'IE103.1', 'CK', '40', '4'),
('IE103.1.GK', 'IE103.1', 'GK', '40', '4'),
('IE104.7.CK', 'IE104.7', 'CK', '40', '4'),
('IE104.7.GK', 'IE104.7', 'GK', '40', '4'),
('IE104.8.CK', 'IE104.8', 'CK', '40', '4'),
('IE104.8.GK', 'IE104.8', 'GK', '40', '4'),
('IE105.2.CK', 'IE105.2', 'CK', '40', '4'),
('IE105.2.GK', 'IE105.2', 'GK', '40', '5'),
('IE105.3.CK', 'IE105.3', 'CK', '40', '4'),
('IE105.3.GK', 'IE105.3', 'GK', '40', '5'),
('IT001.2.CK', 'IT001.2', 'CK', '50', '4'),
('IT001.2.GK', 'IT001.2', 'GK', '30', '3'),
('IT001.3.CK', 'IT001.3', 'CK', '50', '4'),
('IT001.3.GK', 'IT001.3', 'GK', '30', '3');

-- --------------------------------------------------------

--
-- Cấu trúc bảng cho bảng `DIEM`
--

CREATE TABLE `DIEM` (
  `MSSV` int(11) NOT NULL,
  `MADETHI` char(10) NOT NULL,
  `MACAU` char(10) NOT NULL,
  `MACHUANG` char(10) NOT NULL,
  `DIEM` char(10) DEFAULT NULL,
  `DIEMTHUC` char(10) DEFAULT NULL,
  `DIEMQT` char(10) DEFAULT NULL
) ENGINE=InnoDB DEFAULT CHARSET=latin1;

--
-- Đang đổ dữ liệu cho bảng `DIEM`
--

INSERT INTO `DIEM` (`MSSV`, `MADETHI`, `MACAU`, `MACHUANG`, `DIEM`, `DIEMTHUC`, `DIEMQT`) VALUES
(16520002, 'IE105.2.CK', '1', 'G1', '2', '2.00', '9'),
(16520002, 'IE105.2.CK', '2', 'G2', '2', '2.00', '9'),
(16520002, 'IE105.2.CK', '3', 'G2', '3', '2.00', '9'),
(16520002, 'IE105.2.CK', '3', 'G3', '3', '2.00', '9'),
(16520002, 'IE105.2.CK', '4', 'G3', '3', '2.00', '9'),
(16520002, 'IE105.2.CK', '4', 'G4', '3', '2.00', '9'),
(16520002, 'IE105.2.GK', '1', 'G1', '1', '1', '9'),
(16520002, 'IE105.2.GK', '2', 'G2', '2', '1', '9'),
(16520002, 'IE105.2.GK', '3', 'G2', '2', '2', '9'),
(16520002, 'IE105.2.GK', '3', 'G3', '2', '2', '9'),
(16520002, 'IE105.2.GK', '4', 'G3', '3', '2.00', '9'),
(16520002, 'IE105.2.GK', '4', 'G4', '3', '2.00', '9'),
(16520002, 'IE105.2.GK', '5', 'G1', '2', '0.00', '9'),
(16520003, 'IE105.2.CK', '1', 'G1', '2', '1.00', '4'),
(16520003, 'IE105.2.CK', '2', 'G2', '2', '1.00', '4'),
(16520003, 'IE105.2.CK', '3', 'G2', '3', '2.00', '4'),
(16520003, 'IE105.2.CK', '3', 'G3', '3', '2.00', '4'),
(16520003, 'IE105.2.CK', '4', 'G3', '3', '2.00', '4'),
(16520003, 'IE105.2.CK', '4', 'G4', '3', '2.00', '4'),
(16520003, 'IE105.2.GK', '1', 'G1', '1', '1', '4'),
(16520003, 'IE105.2.GK', '2', 'G2', '2', '1', '4'),
(16520003, 'IE105.2.GK', '3', 'G2', '2', '1', '4'),
(16520003, 'IE105.2.GK', '3', 'G3', '2', '1', '4'),
(16520003, 'IE105.2.GK', '4', 'G3', '3', '0.00', '4'),
(16520003, 'IE105.2.GK', '4', 'G4', '3', '0.00', '4'),
(16520003, 'IE105.2.GK', '5', 'G1', '2', '0.00', '4'),
(16520004, 'IE105.2.CK', '1', 'G1', '2', '1.00', '8'),
(16520004, 'IE105.2.CK', '2', 'G2', '2', '1.00', '8'),
(16520004, 'IE105.2.CK', '3', 'G2', '3', '1.00', '8'),
(16520004, 'IE105.2.CK', '3', 'G3', '3', '1.00', '8'),
(16520004, 'IE105.2.CK', '4', 'G3', '3', '1.00', '8'),
(16520004, 'IE105.2.CK', '4', 'G4', '3', '1.00', '8'),
(16520004, 'IE105.2.GK', '1', 'G1', '1', '0.5', '8'),
(16520004, 'IE105.2.GK', '2', 'G2', '2', '2', '8'),
(16520004, 'IE105.2.GK', '3', 'G2', '2', '1.5', '8'),
(16520004, 'IE105.2.GK', '3', 'G3', '2', '1.5', '8'),
(16520004, 'IE105.2.GK', '4', 'G3', '3', '1.00', '8'),
(16520004, 'IE105.2.GK', '4', 'G4', '3', '1.00', '8'),
(16520004, 'IE105.2.GK', '5', 'G1', '2', '0.00', '8'),
(16520005, 'IE105.2.CK', '1', 'G1', '2', '2.00', '8'),
(16520005, 'IE105.2.CK', '2', 'G2', '2', '2.00', '8'),
(16520005, 'IE105.2.CK', '3', 'G2', '3', '1.00', '8'),
(16520005, 'IE105.2.CK', '3', 'G3', '3', '1.00', '8'),
(16520005, 'IE105.2.CK', '4', 'G3', '3', '1.00', '8'),
(16520005, 'IE105.2.CK', '4', 'G4', '3', '1.00', '8'),
(16520005, 'IE105.2.GK', '1', 'G1', '1', '1', '8'),
(16520005, 'IE105.2.GK', '2', 'G2', '2', '1', '8'),
(16520005, 'IE105.2.GK', '3', 'G2', '2', '2', '8'),
(16520005, 'IE105.2.GK', '3', 'G3', '2', '2', '8'),
(16520005, 'IE105.2.GK', '4', 'G3', '3', '2.00', '8'),
(16520005, 'IE105.2.GK', '4', 'G4', '3', '2.00', '8'),
(16520005, 'IE105.2.GK', '5', 'G1', '2', '3.00', '8'),
(16520006, 'IE105.2.CK', '1', 'G1', '2', '2.00', '9'),
(16520006, 'IE105.2.CK', '2', 'G2', '2', '2.00', '9'),
(16520006, 'IE105.2.CK', '3', 'G2', '3', '3.00', '9'),
(16520006, 'IE105.2.CK', '3', 'G3', '3', '3.00', '9'),
(16520006, 'IE105.2.CK', '4', 'G3', '3', '3.00', '9'),
(16520006, 'IE105.2.CK', '4', 'G4', '3', '3.00', '9'),
(16520006, 'IE105.2.GK', '1', 'G1', '1', '0.5', '9'),
(16520006, 'IE105.2.GK', '2', 'G2', '2', '1', '9'),
(16520006, 'IE105.2.GK', '3', 'G2', '2', '1.5', '9'),
(16520006, 'IE105.2.GK', '3', 'G3', '2', '1.5', '9'),
(16520006, 'IE105.2.GK', '4', 'G3', '3', '1.00', '9'),
(16520006, 'IE105.2.GK', '4', 'G4', '3', '1.00', '9'),
(16520006, 'IE105.2.GK', '5', 'G1', '2', '0.00', '9'),
(16520007, 'IE105.2.CK', '1', 'G1', '2', '1.00', '8'),
(16520007, 'IE105.2.CK', '2', 'G2', '2', '2.00', '8'),
(16520007, 'IE105.2.CK', '3', 'G2', '3', '2.00', '8'),
(16520007, 'IE105.2.CK', '3', 'G3', '3', '2.00', '8'),
(16520007, 'IE105.2.CK', '4', 'G3', '3', '1.00', '8'),
(16520007, 'IE105.2.CK', '4', 'G4', '3', '1.00', '8'),
(16520007, 'IE105.2.GK', '1', 'G1', '1', '1', '8'),
(16520007, 'IE105.2.GK', '2', 'G2', '2', '2', '8'),
(16520007, 'IE105.2.GK', '3', 'G2', '2', '2', '8'),
(16520007, 'IE105.2.GK', '3', 'G3', '2', '2', '8'),
(16520007, 'IE105.2.GK', '4', 'G3', '3', '1.00', '8'),
(16520007, 'IE105.2.GK', '4', 'G4', '3', '1.00', '8'),
(16520007, 'IE105.2.GK', '5', 'G1', '2', '1.00', '8'),
(16520008, 'IE105.2.CK', '1', 'G1', '2', '1.00', '7'),
(16520008, 'IE105.2.CK', '2', 'G2', '2', '2.00', '7'),
(16520008, 'IE105.2.CK', '3', 'G2', '3', '1.00', '7'),
(16520008, 'IE105.2.CK', '3', 'G3', '3', '1.00', '7'),
(16520008, 'IE105.2.CK', '4', 'G3', '3', '3.00', '7'),
(16520008, 'IE105.2.CK', '4', 'G4', '3', '3.00', '7'),
(16520008, 'IE105.2.GK', '1', 'G1', '1', '1', '7'),
(16520008, 'IE105.2.GK', '2', 'G2', '2', '1', '7'),
(16520008, 'IE105.2.GK', '3', 'G2', '2', '2', '7'),
(16520008, 'IE105.2.GK', '3', 'G3', '2', '2', '7'),
(16520008, 'IE105.2.GK', '4', 'G3', '3', '0.00', '7'),
(16520008, 'IE105.2.GK', '4', 'G4', '3', '0.00', '7'),
(16520008, 'IE105.2.GK', '5', 'G1', '2', '1.00', '7'),
(16520009, 'IE105.2.CK', '1', 'G1', '2', '1.00', '6'),
(16520009, 'IE105.2.CK', '2', 'G2', '2', '1.00', '6'),
(16520009, 'IE105.2.CK', '3', 'G2', '3', '2.00', '6'),
(16520009, 'IE105.2.CK', '3', 'G3', '3', '2.00', '6'),
(16520009, 'IE105.2.CK', '4', 'G3', '3', '2.00', '6'),
(16520009, 'IE105.2.CK', '4', 'G4', '3', '2.00', '6'),
(16520009, 'IE105.2.GK', '1', 'G1', '1', '1', '6'),
(16520009, 'IE105.2.GK', '2', 'G2', '2', '1', '6'),
(16520009, 'IE105.2.GK', '3', 'G2', '2', '1.5', '6'),
(16520009, 'IE105.2.GK', '3', 'G3', '2', '1.5', '6'),
(16520009, 'IE105.2.GK', '4', 'G3', '3', '0.00', '6'),
(16520009, 'IE105.2.GK', '4', 'G4', '3', '0.00', '6'),
(16520009, 'IE105.2.GK', '5', 'G1', '2', '2.00', '6'),
(16520010, 'IE105.2.CK', '1', 'G1', '2', '1.00', '7'),
(16520010, 'IE105.2.CK', '2', 'G2', '2', '2.00', '7'),
(16520010, 'IE105.2.CK', '3', 'G2', '3', '1.00', '7'),
(16520010, 'IE105.2.CK', '3', 'G3', '3', '1.00', '7'),
(16520010, 'IE105.2.CK', '4', 'G3', '3', '2.00', '7'),
(16520010, 'IE105.2.CK', '4', 'G4', '3', '2.00', '7'),
(16520010, 'IE105.2.GK', '1', 'G1', '1', '1', '7'),
(16520010, 'IE105.2.GK', '2', 'G2', '2', '2', '7'),
(16520010, 'IE105.2.GK', '3', 'G2', '2', '2', '7'),
(16520010, 'IE105.2.GK', '3', 'G3', '2', '2', '7'),
(16520010, 'IE105.2.GK', '4', 'G3', '3', '0.00', '7'),
(16520010, 'IE105.2.GK', '4', 'G4', '3', '0.00', '7'),
(16520010, 'IE105.2.GK', '5', 'G1', '2', '0.00', '7'),
(16520011, 'IE105.2.CK', '1', 'G1', '2', '1.00', '8'),
(16520011, 'IE105.2.CK', '2', 'G2', '2', '2.00', '8'),
(16520011, 'IE105.2.CK', '3', 'G2', '3', '1.00', '8'),
(16520011, 'IE105.2.CK', '3', 'G3', '3', '1.00', '8'),
(16520011, 'IE105.2.CK', '4', 'G3', '3', '1.00', '8'),
(16520011, 'IE105.2.CK', '4', 'G4', '3', '1.00', '8'),
(16520011, 'IE105.2.GK', '1', 'G1', '1', '1', '8'),
(16520011, 'IE105.2.GK', '2', 'G2', '2', '1', '8'),
(16520011, 'IE105.2.GK', '3', 'G2', '2', '2', '8'),
(16520011, 'IE105.2.GK', '3', 'G3', '2', '2', '8'),
(16520011, 'IE105.2.GK', '4', 'G3', '3', '1.00', '8'),
(16520011, 'IE105.2.GK', '4', 'G4', '3', '1.00', '8'),
(16520011, 'IE105.2.GK', '5', 'G1', '2', '3.00', '8'),
(16520012, 'IE105.2.CK', '1', 'G1', '2', '2.00', '6'),
(16520012, 'IE105.2.CK', '2', 'G2', '2', '2.00', '6'),
(16520012, 'IE105.2.CK', '3', 'G2', '3', '3.00', '6'),
(16520012, 'IE105.2.CK', '3', 'G3', '3', '3.00', '6'),
(16520012, 'IE105.2.CK', '4', 'G3', '3', '2.00', '6'),
(16520012, 'IE105.2.CK', '4', 'G4', '3', '2.00', '6'),
(16520012, 'IE105.2.GK', '1', 'G1', '1', '1', '6'),
(16520012, 'IE105.2.GK', '2', 'G2', '2', '1', '6'),
(16520012, 'IE105.2.GK', '3', 'G2', '2', '1.5', '6'),
(16520012, 'IE105.2.GK', '3', 'G3', '2', '1.5', '6'),
(16520012, 'IE105.2.GK', '4', 'G3', '3', '1.00', '6'),
(16520012, 'IE105.2.GK', '4', 'G4', '3', '1.00', '6'),
(16520012, 'IE105.2.GK', '5', 'G1', '2', '0.00', '6'),
(16520013, 'IE105.2.CK', '1', 'G1', '2', '2.00', '5'),
(16520013, 'IE105.2.CK', '2', 'G2', '2', '2.00', '5'),
(16520013, 'IE105.2.CK', '3', 'G2', '3', '3.00', '5'),
(16520013, 'IE105.2.CK', '3', 'G3', '3', '3.00', '5'),
(16520013, 'IE105.2.CK', '4', 'G3', '3', '3.00', '5'),
(16520013, 'IE105.2.CK', '4', 'G4', '3', '3.00', '5'),
(16520013, 'IE105.2.GK', '1', 'G1', '1', '1', '5'),
(16520013, 'IE105.2.GK', '2', 'G2', '2', '2', '5'),
(16520013, 'IE105.2.GK', '3', 'G2', '2', '2', '5'),
(16520013, 'IE105.2.GK', '3', 'G3', '2', '2', '5'),
(16520013, 'IE105.2.GK', '4', 'G3', '3', '2.00', '5'),
(16520013, 'IE105.2.GK', '4', 'G4', '3', '2.00', '5'),
(16520013, 'IE105.2.GK', '5', 'G1', '2', '2.00', '5'),
(16520014, 'IE105.2.CK', '1', 'G1', '2', '2.00', '4'),
(16520014, 'IE105.2.CK', '2', 'G2', '2', '2.00', '4'),
(16520014, 'IE105.2.CK', '3', 'G2', '3', '3.00', '4'),
(16520014, 'IE105.2.CK', '3', 'G3', '3', '3.00', '4'),
(16520014, 'IE105.2.CK', '4', 'G3', '3', '2.00', '4'),
(16520014, 'IE105.2.CK', '4', 'G4', '3', '2.00', '4'),
(16520014, 'IE105.2.GK', '1', 'G1', '1', '0.5', '4'),
(16520014, 'IE105.2.GK', '2', 'G2', '2', '1', '4'),
(16520014, 'IE105.2.GK', '3', 'G2', '2', '2', '4'),
(16520014, 'IE105.2.GK', '3', 'G3', '2', '2', '4'),
(16520014, 'IE105.2.GK', '4', 'G3', '3', '1.00', '4'),
(16520014, 'IE105.2.GK', '4', 'G4', '3', '1.00', '4'),
(16520014, 'IE105.2.GK', '5', 'G1', '2', '3.00', '4'),
(16520015, 'IE105.2.CK', '1', 'G1', '2', '2.00', '5'),
(16520015, 'IE105.2.CK', '2', 'G2', '2', '2.00', '5'),
(16520015, 'IE105.2.CK', '3', 'G2', '3', '3.00', '5'),
(16520015, 'IE105.2.CK', '3', 'G3', '3', '3.00', '5'),
(16520015, 'IE105.2.CK', '4', 'G3', '3', '3.00', '5'),
(16520015, 'IE105.2.CK', '4', 'G4', '3', '3.00', '5'),
(16520015, 'IE105.2.GK', '1', 'G1', '1', '1', '5'),
(16520015, 'IE105.2.GK', '2', 'G2', '2', '2', '5'),
(16520015, 'IE105.2.GK', '3', 'G2', '2', '1.5', '5'),
(16520015, 'IE105.2.GK', '3', 'G3', '2', '1.5', '5'),
(16520015, 'IE105.2.GK', '4', 'G3', '3', '1.00', '5'),
(16520015, 'IE105.2.GK', '4', 'G4', '3', '1.00', '5'),
(16520015, 'IE105.2.GK', '5', 'G1', '2', '2.00', '5'),
(16520016, 'IE105.2.CK', '1', 'G1', '2', '2.00', '6'),
(16520016, 'IE105.2.CK', '2', 'G2', '2', '1.00', '6'),
(16520016, 'IE105.2.CK', '3', 'G2', '3', '1.00', '6'),
(16520016, 'IE105.2.CK', '3', 'G3', '3', '1.00', '6'),
(16520016, 'IE105.2.CK', '4', 'G3', '3', '2.00', '6'),
(16520016, 'IE105.2.CK', '4', 'G4', '3', '2.00', '6'),
(16520016, 'IE105.2.GK', '1', 'G1', '1', '1', '6'),
(16520016, 'IE105.2.GK', '2', 'G2', '2', '1', '6'),
(16520016, 'IE105.2.GK', '3', 'G2', '2', '2', '6'),
(16520016, 'IE105.2.GK', '3', 'G3', '2', '2', '6'),
(16520016, 'IE105.2.GK', '4', 'G3', '3', '0.00', '6'),
(16520016, 'IE105.2.GK', '4', 'G4', '3', '0.00', '6'),
(16520016, 'IE105.2.GK', '5', 'G1', '2', '2.00', '6'),
(16520018, 'IE105.2.CK', '1', 'G1', '2', '1.00', '8'),
(16520018, 'IE105.2.CK', '2', 'G2', '2', '2.00', '8'),
(16520018, 'IE105.2.CK', '3', 'G2', '3', '2.00', '8'),
(16520018, 'IE105.2.CK', '3', 'G3', '3', '2.00', '8'),
(16520018, 'IE105.2.CK', '4', 'G3', '3', '2.00', '8'),
(16520018, 'IE105.2.CK', '4', 'G4', '3', '2.00', '8'),
(16520018, 'IE105.2.GK', '1', 'G1', '1', '0.5', '8'),
(16520018, 'IE105.2.GK', '2', 'G2', '2', '1', '8'),
(16520018, 'IE105.2.GK', '3', 'G2', '2', '1.5', '8'),
(16520018, 'IE105.2.GK', '3', 'G3', '2', '1.5', '8'),
(16520018, 'IE105.2.GK', '4', 'G3', '3', '2.00', '8'),
(16520018, 'IE105.2.GK', '4', 'G4', '3', '2.00', '8'),
(16520018, 'IE105.2.GK', '5', 'G1', '2', '2.00', '8'),
(16520019, 'IE105.2.CK', '1', 'G1', '2', '2.00', '7'),
(16520019, 'IE105.2.CK', '2', 'G2', '2', '2.00', '7'),
(16520019, 'IE105.2.CK', '3', 'G2', '3', '1.00', '7'),
(16520019, 'IE105.2.CK', '3', 'G3', '3', '1.00', '7'),
(16520019, 'IE105.2.CK', '4', 'G3', '3', '1.00', '7'),
(16520019, 'IE105.2.CK', '4', 'G4', '3', '1.00', '7'),
(16520019, 'IE105.2.GK', '1', 'G1', '1', '1', '7'),
(16520019, 'IE105.2.GK', '2', 'G2', '2', '2', '7'),
(16520019, 'IE105.2.GK', '3', 'G2', '2', '2', '7'),
(16520019, 'IE105.2.GK', '3', 'G3', '2', '2', '7'),
(16520019, 'IE105.2.GK', '4', 'G3', '3', '1.00', '7'),
(16520019, 'IE105.2.GK', '4', 'G4', '3', '1.00', '7'),
(16520019, 'IE105.2.GK', '5', 'G1', '2', '2.00', '7'),
(16520020, 'IE105.2.CK', '1', 'G1', '2', '2.00', '6'),
(16520020, 'IE105.2.CK', '2', 'G2', '2', '2.00', '6'),
(16520020, 'IE105.2.CK', '3', 'G2', '3', '3.00', '6'),
(16520020, 'IE105.2.CK', '3', 'G3', '3', '3.00', '6'),
(16520020, 'IE105.2.CK', '4', 'G3', '3', '2.00', '6'),
(16520020, 'IE105.2.CK', '4', 'G4', '3', '2.00', '6'),
(16520020, 'IE105.2.GK', '1', 'G1', '1', '1', '6'),
(16520020, 'IE105.2.GK', '2', 'G2', '2', '2', '6'),
(16520020, 'IE105.2.GK', '3', 'G2', '2', '2', '6'),
(16520020, 'IE105.2.GK', '3', 'G3', '2', '2', '6'),
(16520020, 'IE105.2.GK', '4', 'G3', '3', '0.00', '6'),
(16520020, 'IE105.2.GK', '4', 'G4', '3', '0.00', '6'),
(16520020, 'IE105.2.GK', '5', 'G1', '2', '2.00', '6'),
(16520021, 'IE105.2.CK', '1', 'G1', '2', '1.00', '5'),
(16520021, 'IE105.2.CK', '2', 'G2', '2', '2.00', '5'),
(16520021, 'IE105.2.CK', '3', 'G2', '3', '2.00', '5'),
(16520021, 'IE105.2.CK', '3', 'G3', '3', '2.00', '5'),
(16520021, 'IE105.2.CK', '4', 'G3', '3', '2.00', '5'),
(16520021, 'IE105.2.CK', '4', 'G4', '3', '2.00', '5'),
(16520021, 'IE105.2.GK', '1', 'G1', '1', '1', '5'),
(16520021, 'IE105.2.GK', '2', 'G2', '2', '2', '5'),
(16520021, 'IE105.2.GK', '3', 'G2', '2', '1.5', '5'),
(16520021, 'IE105.2.GK', '3', 'G3', '2', '1.5', '5'),
(16520021, 'IE105.2.GK', '4', 'G3', '3', '1.00', '5'),
(16520021, 'IE105.2.GK', '4', 'G4', '3', '1.00', '5'),
(16520021, 'IE105.2.GK', '5', 'G1', '2', '2.00', '5'),
(16520022, 'IE105.2.CK', '1', 'G1', '2', '2.00', '6'),
(16520022, 'IE105.2.CK', '2', 'G2', '2', '1.00', '6'),
(16520022, 'IE105.2.CK', '3', 'G2', '3', '2.00', '6'),
(16520022, 'IE105.2.CK', '3', 'G3', '3', '2.00', '6'),
(16520022, 'IE105.2.CK', '4', 'G3', '3', '3.00', '6'),
(16520022, 'IE105.2.CK', '4', 'G4', '3', '3.00', '6'),
(16520022, 'IE105.2.GK', '1', 'G1', '1', '1', '6'),
(16520022, 'IE105.2.GK', '2', 'G2', '2', '2', '6'),
(16520022, 'IE105.2.GK', '3', 'G2', '2', '2', '6'),
(16520022, 'IE105.2.GK', '3', 'G3', '2', '2', '6'),
(16520022, 'IE105.2.GK', '4', 'G3', '3', '0.00', '6'),
(16520022, 'IE105.2.GK', '4', 'G4', '3', '0.00', '6'),
(16520022, 'IE105.2.GK', '5', 'G1', '2', '3.00', '6'),
(16520023, 'IE105.2.CK', '1', 'G1', '2', '2.00', '7'),
(16520023, 'IE105.2.CK', '2', 'G2', '2', '1.00', '7'),
(16520023, 'IE105.2.CK', '3', 'G2', '3', '1.00', '7'),
(16520023, 'IE105.2.CK', '3', 'G3', '3', '1.00', '7'),
(16520023, 'IE105.2.CK', '4', 'G3', '3', '3.00', '7'),
(16520023, 'IE105.2.CK', '4', 'G4', '3', '3.00', '7'),
(16520023, 'IE105.2.GK', '1', 'G1', '1', '0.5', '7'),
(16520023, 'IE105.2.GK', '2', 'G2', '2', '2', '7'),
(16520023, 'IE105.2.GK', '3', 'G2', '2', '2', '7'),
(16520023, 'IE105.2.GK', '3', 'G3', '2', '2', '7'),
(16520023, 'IE105.2.GK', '4', 'G3', '3', '1.00', '7'),
(16520023, 'IE105.2.GK', '4', 'G4', '3', '1.00', '7'),
(16520023, 'IE105.2.GK', '5', 'G1', '2', '3.00', '7'),
(16520024, 'IE105.2.CK', '1', 'G1', '2', '1.00', '8'),
(16520024, 'IE105.2.CK', '2', 'G2', '2', '2.00', '8'),
(16520024, 'IE105.2.CK', '3', 'G2', '3', '3.00', '8'),
(16520024, 'IE105.2.CK', '3', 'G3', '3', '3.00', '8'),
(16520024, 'IE105.2.CK', '4', 'G3', '3', '1.00', '8'),
(16520024, 'IE105.2.CK', '4', 'G4', '3', '1.00', '8'),
(16520024, 'IE105.2.GK', '1', 'G1', '1', '1', '8'),
(16520024, 'IE105.2.GK', '2', 'G2', '2', '1', '8'),
(16520024, 'IE105.2.GK', '3', 'G2', '2', '1.5', '8'),
(16520024, 'IE105.2.GK', '3', 'G3', '2', '1.5', '8'),
(16520024, 'IE105.2.GK', '4', 'G3', '3', '1.00', '8'),
(16520024, 'IE105.2.GK', '4', 'G4', '3', '1.00', '8'),
(16520024, 'IE105.2.GK', '5', 'G1', '2', '1.00', '8'),
(16520025, 'IE105.2.CK', '1', 'G1', '2', '1.00', '9'),
(16520025, 'IE105.2.CK', '2', 'G2', '2', '1.00', '9'),
(16520025, 'IE105.2.CK', '3', 'G2', '3', '2.00', '9'),
(16520025, 'IE105.2.CK', '3', 'G3', '3', '2.00', '9'),
(16520025, 'IE105.2.CK', '4', 'G3', '3', '2.00', '9'),
(16520025, 'IE105.2.CK', '4', 'G4', '3', '2.00', '9'),
(16520025, 'IE105.2.GK', '1', 'G1', '1', '1', '9'),
(16520025, 'IE105.2.GK', '2', 'G2', '2', '2', '9'),
(16520025, 'IE105.2.GK', '3', 'G2', '2', '2', '9'),
(16520025, 'IE105.2.GK', '3', 'G3', '2', '2', '9'),
(16520025, 'IE105.2.GK', '4', 'G3', '3', '1.00', '9'),
(16520025, 'IE105.2.GK', '4', 'G4', '3', '1.00', '9'),
(16520025, 'IE105.2.GK', '5', 'G1', '2', '1.00', '9'),
(16520026, 'IE105.2.CK', '1', 'G1', '2', '2.00', '0'),
(16520026, 'IE105.2.CK', '2', 'G2', '2', '2.00', '0'),
(16520026, 'IE105.2.CK', '3', 'G2', '3', '3.00', '0'),
(16520026, 'IE105.2.CK', '3', 'G3', '3', '3.00', '0'),
(16520026, 'IE105.2.CK', '4', 'G3', '3', '1.00', '0'),
(16520026, 'IE105.2.CK', '4', 'G4', '3', '1.00', '0'),
(16520026, 'IE105.2.GK', '1', 'G1', '1', '1', '0'),
(16520026, 'IE105.2.GK', '2', 'G2', '2', '2', '0'),
(16520026, 'IE105.2.GK', '3', 'G2', '2', '2', '0'),
(16520026, 'IE105.2.GK', '3', 'G3', '2', '2', '0'),
(16520026, 'IE105.2.GK', '4', 'G3', '3', '2.00', '0'),
(16520026, 'IE105.2.GK', '4', 'G4', '3', '2.00', '0'),
(16520026, 'IE105.2.GK', '5', 'G1', '2', '1.00', '0'),
(16520027, 'IE105.2.CK', '1', 'G1', '2', '1.00', '9'),
(16520027, 'IE105.2.CK', '2', 'G2', '2', '1.00', '9'),
(16520027, 'IE105.2.CK', '3', 'G2', '3', '2.00', '9'),
(16520027, 'IE105.2.CK', '3', 'G3', '3', '2.00', '9'),
(16520027, 'IE105.2.CK', '4', 'G3', '3', '3.00', '9'),
(16520027, 'IE105.2.CK', '4', 'G4', '3', '3.00', '9'),
(16520027, 'IE105.2.GK', '1', 'G1', '1', '0.5', '9'),
(16520027, 'IE105.2.GK', '2', 'G2', '2', '2', '9'),
(16520027, 'IE105.2.GK', '3', 'G2', '2', '2', '9'),
(16520027, 'IE105.2.GK', '3', 'G3', '2', '2', '9'),
(16520027, 'IE105.2.GK', '4', 'G3', '3', '2.00', '9'),
(16520027, 'IE105.2.GK', '4', 'G4', '3', '2.00', '9'),
(16520027, 'IE105.2.GK', '5', 'G1', '2', '3.00', '9'),
(16520028, 'IE105.2.CK', '1', 'G1', '2', '2.00', '8'),
(16520028, 'IE105.2.CK', '2', 'G2', '2', '2.00', '8'),
(16520028, 'IE105.2.CK', '3', 'G2', '3', '1.00', '8'),
(16520028, 'IE105.2.CK', '3', 'G3', '3', '1.00', '8'),
(16520028, 'IE105.2.CK', '4', 'G3', '3', '3.00', '8'),
(16520028, 'IE105.2.CK', '4', 'G4', '3', '3.00', '8'),
(16520028, 'IE105.2.GK', '1', 'G1', '1', '0.5', '8'),
(16520028, 'IE105.2.GK', '2', 'G2', '2', '2', '8'),
(16520028, 'IE105.2.GK', '3', 'G2', '2', '1.5', '8'),
(16520028, 'IE105.2.GK', '3', 'G3', '2', '1.5', '8'),
(16520028, 'IE105.2.GK', '4', 'G3', '3', '2.00', '8'),
(16520028, 'IE105.2.GK', '4', 'G4', '3', '2.00', '8'),
(16520028, 'IE105.2.GK', '5', 'G1', '2', '2.00', '8'),
(16520029, 'IE105.2.CK', '1', 'G1', '2', '2.00', '7'),
(16520029, 'IE105.2.CK', '2', 'G2', '2', '2.00', '7'),
(16520029, 'IE105.2.CK', '3', 'G2', '3', '3.00', '7'),
(16520029, 'IE105.2.CK', '3', 'G3', '3', '3.00', '7'),
(16520029, 'IE105.2.CK', '4', 'G3', '3', '2.00', '7'),
(16520029, 'IE105.2.CK', '4', 'G4', '3', '2.00', '7'),
(16520029, 'IE105.2.GK', '1', 'G1', '1', '1', '7'),
(16520029, 'IE105.2.GK', '2', 'G2', '2', '2', '7'),
(16520029, 'IE105.2.GK', '3', 'G2', '2', '2', '7'),
(16520029, 'IE105.2.GK', '3', 'G3', '2', '2', '7'),
(16520029, 'IE105.2.GK', '4', 'G3', '3', '1.00', '7'),
(16520029, 'IE105.2.GK', '4', 'G4', '3', '1.00', '7'),
(16520029, 'IE105.2.GK', '5', 'G1', '2', '2.00', '7'),
(16520030, 'IE105.2.CK', '1', 'G1', '2', '1.00', '6'),
(16520030, 'IE105.2.CK', '2', 'G2', '2', '2.00', '6'),
(16520030, 'IE105.2.CK', '3', 'G2', '3', '2.00', '6'),
(16520030, 'IE105.2.CK', '3', 'G3', '3', '2.00', '6'),
(16520030, 'IE105.2.CK', '4', 'G3', '3', '1.00', '6'),
(16520030, 'IE105.2.CK', '4', 'G4', '3', '1.00', '6'),
(16520030, 'IE105.2.GK', '1', 'G1', '1', '1', '6'),
(16520030, 'IE105.2.GK', '2', 'G2', '2', '2', '6'),
(16520030, 'IE105.2.GK', '3', 'G2', '2', '2', '6'),
(16520030, 'IE105.2.GK', '3', 'G3', '2', '2', '6'),
(16520030, 'IE105.2.GK', '4', 'G3', '3', '2.00', '6'),
(16520030, 'IE105.2.GK', '4', 'G4', '3', '2.00', '6'),
(16520030, 'IE105.2.GK', '5', 'G1', '2', '0.00', '6'),
(16520031, 'IE105.2.CK', '1', 'G1', '2', '1.00', '5'),
(16520031, 'IE105.2.CK', '2', 'G2', '2', '1.00', '5'),
(16520031, 'IE105.2.CK', '3', 'G2', '3', '3.00', '5'),
(16520031, 'IE105.2.CK', '3', 'G3', '3', '3.00', '5'),
(16520031, 'IE105.2.CK', '4', 'G3', '3', '3.00', '5'),
(16520031, 'IE105.2.CK', '4', 'G4', '3', '3.00', '5'),
(16520031, 'IE105.2.GK', '1', 'G1', '1', '0.5', '5'),
(16520031, 'IE105.2.GK', '2', 'G2', '2', '2', '5'),
(16520031, 'IE105.2.GK', '3', 'G2', '2', '1.5', '5'),
(16520031, 'IE105.2.GK', '3', 'G3', '2', '1.5', '5'),
(16520031, 'IE105.2.GK', '4', 'G3', '3', '1.00', '5'),
(16520031, 'IE105.2.GK', '4', 'G4', '3', '1.00', '5'),
(16520031, 'IE105.2.GK', '5', 'G1', '2', '1.00', '5'),
(16520032, 'IE105.2.CK', '1', 'G1', '2', '2.00', '5'),
(16520032, 'IE105.2.CK', '2', 'G2', '2', '2.00', '5'),
(16520032, 'IE105.2.CK', '3', 'G2', '3', '1.00', '5'),
(16520032, 'IE105.2.CK', '3', 'G3', '3', '1.00', '5'),
(16520032, 'IE105.2.CK', '4', 'G3', '3', '2.00', '5'),
(16520032, 'IE105.2.CK', '4', 'G4', '3', '2.00', '5'),
(16520032, 'IE105.2.GK', '1', 'G1', '1', '1', '5'),
(16520032, 'IE105.2.GK', '2', 'G2', '2', '2', '5'),
(16520032, 'IE105.2.GK', '3', 'G2', '2', '2', '5'),
(16520032, 'IE105.2.GK', '3', 'G3', '2', '2', '5'),
(16520032, 'IE105.2.GK', '4', 'G3', '3', '1.00', '5'),
(16520032, 'IE105.2.GK', '4', 'G4', '3', '1.00', '5'),
(16520032, 'IE105.2.GK', '5', 'G1', '2', '1.00', '5'),
(16520033, 'IE105.2.CK', '1', 'G1', '2', '1.00', '7'),
(16520033, 'IE105.2.CK', '2', 'G2', '2', '1.00', '7'),
(16520033, 'IE105.2.CK', '3', 'G2', '3', '1.00', '7'),
(16520033, 'IE105.2.CK', '3', 'G3', '3', '1.00', '7'),
(16520033, 'IE105.2.CK', '4', 'G3', '3', '3.00', '7'),
(16520033, 'IE105.2.CK', '4', 'G4', '3', '3.00', '7'),
(16520033, 'IE105.2.GK', '1', 'G1', '1', '1', '7'),
(16520033, 'IE105.2.GK', '2', 'G2', '2', '1', '7'),
(16520033, 'IE105.2.GK', '3', 'G2', '2', '2', '7'),
(16520033, 'IE105.2.GK', '3', 'G3', '2', '2', '7'),
(16520033, 'IE105.2.GK', '4', 'G3', '3', '0.00', '7'),
(16520033, 'IE105.2.GK', '4', 'G4', '3', '0.00', '7'),
(16520033, 'IE105.2.GK', '5', 'G1', '2', '1.00', '7'),
(16520034, 'IE105.2.CK', '1', 'G1', '2', '1.00', '8'),
(16520034, 'IE105.2.CK', '2', 'G2', '2', '2.00', '8'),
(16520034, 'IE105.2.CK', '3', 'G2', '3', '3.00', '8'),
(16520034, 'IE105.2.CK', '3', 'G3', '3', '3.00', '8'),
(16520034, 'IE105.2.CK', '4', 'G3', '3', '1.00', '8'),
(16520034, 'IE105.2.CK', '4', 'G4', '3', '1.00', '8'),
(16520034, 'IE105.2.GK', '1', 'G1', '1', '1', '8'),
(16520034, 'IE105.2.GK', '2', 'G2', '2', '2', '8'),
(16520034, 'IE105.2.GK', '3', 'G2', '2', '1.5', '8'),
(16520034, 'IE105.2.GK', '3', 'G3', '2', '1.5', '8'),
(16520034, 'IE105.2.GK', '4', 'G3', '3', '2.00', '8'),
(16520034, 'IE105.2.GK', '4', 'G4', '3', '2.00', '8'),
(16520034, 'IE105.2.GK', '5', 'G1', '2', '3.00', '8'),
(16520035, 'IE105.2.CK', '1', 'G1', '2', '1.00', '5'),
(16520035, 'IE105.2.CK', '2', 'G2', '2', '1.00', '5'),
(16520035, 'IE105.2.CK', '3', 'G2', '3', '3.00', '5'),
(16520035, 'IE105.2.CK', '3', 'G3', '3', '3.00', '5'),
(16520035, 'IE105.2.CK', '4', 'G3', '3', '2.00', '5'),
(16520035, 'IE105.2.CK', '4', 'G4', '3', '2.00', '5'),
(16520035, 'IE105.2.GK', '1', 'G1', '1', '0.5', '5'),
(16520035, 'IE105.2.GK', '2', 'G2', '2', '2', '5'),
(16520035, 'IE105.2.GK', '3', 'G2', '2', '2', '5'),
(16520035, 'IE105.2.GK', '3', 'G3', '2', '2', '5'),
(16520035, 'IE105.2.GK', '4', 'G3', '3', '0.00', '5'),
(16520035, 'IE105.2.GK', '4', 'G4', '3', '0.00', '5'),
(16520035, 'IE105.2.GK', '5', 'G1', '2', '1.00', '5'),
(16520036, 'IE105.2.CK', '1', 'G1', '2', '2.00', '7'),
(16520036, 'IE105.2.CK', '2', 'G2', '2', '1.00', '7'),
(16520036, 'IE105.2.CK', '3', 'G2', '3', '3.00', '7'),
(16520036, 'IE105.2.CK', '3', 'G3', '3', '3.00', '7'),
(16520036, 'IE105.2.CK', '4', 'G3', '3', '3.00', '7'),
(16520036, 'IE105.2.CK', '4', 'G4', '3', '3.00', '7'),
(16520036, 'IE105.2.GK', '1', 'G1', '1', '1', '7'),
(16520036, 'IE105.2.GK', '2', 'G2', '2', '2', '7'),
(16520036, 'IE105.2.GK', '3', 'G2', '2', '2', '7'),
(16520036, 'IE105.2.GK', '3', 'G3', '2', '2', '7'),
(16520036, 'IE105.2.GK', '4', 'G3', '3', '2.00', '7'),
(16520036, 'IE105.2.GK', '4', 'G4', '3', '2.00', '7'),
(16520036, 'IE105.2.GK', '5', 'G1', '2', '2.00', '7'),
(16520037, 'IE105.2.CK', '1', 'G1', '2', '1.00', '9'),
(16520037, 'IE105.2.CK', '2', 'G2', '2', '2.00', '9'),
(16520037, 'IE105.2.CK', '3', 'G2', '3', '3.00', '9'),
(16520037, 'IE105.2.CK', '3', 'G3', '3', '3.00', '9'),
(16520037, 'IE105.2.CK', '4', 'G3', '3', '2.00', '9'),
(16520037, 'IE105.2.CK', '4', 'G4', '3', '2.00', '9'),
(16520037, 'IE105.2.GK', '1', 'G1', '1', '1', '9'),
(16520037, 'IE105.2.GK', '2', 'G2', '2', '2', '9'),
(16520037, 'IE105.2.GK', '3', 'G2', '2', '1.5', '9'),
(16520037, 'IE105.2.GK', '3', 'G3', '2', '1.5', '9'),
(16520037, 'IE105.2.GK', '4', 'G3', '3', '0.00', '9'),
(16520037, 'IE105.2.GK', '4', 'G4', '3', '0.00', '9'),
(16520037, 'IE105.2.GK', '5', 'G1', '2', '3.00', '9'),
(16520038, 'IE105.2.CK', '1', 'G1', '2', '1.00', '9'),
(16520038, 'IE105.2.CK', '2', 'G2', '2', '2.00', '9'),
(16520038, 'IE105.2.CK', '3', 'G2', '3', '2.00', '9'),
(16520038, 'IE105.2.CK', '3', 'G3', '3', '2.00', '9'),
(16520038, 'IE105.2.CK', '4', 'G3', '3', '3.00', '9'),
(16520038, 'IE105.2.CK', '4', 'G4', '3', '3.00', '9'),
(16520038, 'IE105.2.GK', '1', 'G1', '1', '1', '9'),
(16520038, 'IE105.2.GK', '2', 'G2', '2', '2', '9'),
(16520038, 'IE105.2.GK', '3', 'G2', '2', '2', '9'),
(16520038, 'IE105.2.GK', '3', 'G3', '2', '2', '9'),
(16520038, 'IE105.2.GK', '4', 'G3', '3', '1.00', '9'),
(16520038, 'IE105.2.GK', '4', 'G4', '3', '1.00', '9'),
(16520038, 'IE105.2.GK', '5', 'G1', '2', '3.00', '9'),
(16520039, 'IE105.2.CK', '1', 'G1', '2', '2.00', '0'),
(16520039, 'IE105.2.CK', '2', 'G2', '2', '1.00', '0'),
(16520039, 'IE105.2.CK', '3', 'G2', '3', '2.00', '0'),
(16520039, 'IE105.2.CK', '3', 'G3', '3', '2.00', '0'),
(16520039, 'IE105.2.CK', '4', 'G3', '3', '3.00', '0'),
(16520039, 'IE105.2.CK', '4', 'G4', '3', '3.00', '0'),
(16520039, 'IE105.2.GK', '1', 'G1', '1', '0.5', '0'),
(16520039, 'IE105.2.GK', '2', 'G2', '2', '1', '0'),
(16520039, 'IE105.2.GK', '3', 'G2', '2', '2', '0'),
(16520039, 'IE105.2.GK', '3', 'G3', '2', '2', '0'),
(16520039, 'IE105.2.GK', '4', 'G3', '3', '2.00', '0'),
(16520039, 'IE105.2.GK', '4', 'G4', '3', '2.00', '0'),
(16520039, 'IE105.2.GK', '5', 'G1', '2', '1.00', '0'),
(16520040, 'IE105.2.CK', '1', 'G1', '2', '1.00', '8'),
(16520040, 'IE105.2.CK', '2', 'G2', '2', '2.00', '8'),
(16520040, 'IE105.2.CK', '3', 'G2', '3', '3.00', '8'),
(16520040, 'IE105.2.CK', '3', 'G3', '3', '3.00', '8'),
(16520040, 'IE105.2.CK', '4', 'G3', '3', '1.00', '8'),
(16520040, 'IE105.2.CK', '4', 'G4', '3', '1.00', '8'),
(16520040, 'IE105.2.GK', '1', 'G1', '1', '1', '8'),
(16520040, 'IE105.2.GK', '2', 'G2', '2', '1', '8'),
(16520040, 'IE105.2.GK', '3', 'G2', '2', '1.5', '8'),
(16520040, 'IE105.2.GK', '3', 'G3', '2', '1.5', '8'),
(16520040, 'IE105.2.GK', '4', 'G3', '3', '2.00', '8'),
(16520040, 'IE105.2.GK', '4', 'G4', '3', '2.00', '8'),
(16520040, 'IE105.2.GK', '5', 'G1', '2', '1.00', '8'),
(16520041, 'IE105.2.CK', '1', 'G1', '2', '2.00', '7'),
(16520041, 'IE105.2.CK', '2', 'G2', '2', '1.00', '7'),
(16520041, 'IE105.2.CK', '3', 'G2', '3', '3.00', '7'),
(16520041, 'IE105.2.CK', '3', 'G3', '3', '3.00', '7'),
(16520041, 'IE105.2.CK', '4', 'G3', '3', '2.00', '7'),
(16520041, 'IE105.2.CK', '4', 'G4', '3', '2.00', '7'),
(16520041, 'IE105.2.GK', '1', 'G1', '1', '1', '7'),
(16520041, 'IE105.2.GK', '2', 'G2', '2', '2', '7'),
(16520041, 'IE105.2.GK', '3', 'G2', '2', '2', '7'),
(16520041, 'IE105.2.GK', '3', 'G3', '2', '2', '7'),
(16520041, 'IE105.2.GK', '4', 'G3', '3', '1.00', '7'),
(16520041, 'IE105.2.GK', '4', 'G4', '3', '1.00', '7'),
(16520041, 'IE105.2.GK', '5', 'G1', '2', '1.00', '7'),
(16520042, 'IE105.2.CK', '1', 'G1', '2', '2.00', '7'),
(16520042, 'IE105.2.CK', '2', 'G2', '2', '1.00', '7'),
(16520042, 'IE105.2.CK', '3', 'G2', '3', '2.00', '7'),
(16520042, 'IE105.2.CK', '3', 'G3', '3', '2.00', '7'),
(16520042, 'IE105.2.CK', '4', 'G3', '3', '3.00', '7'),
(16520042, 'IE105.2.CK', '4', 'G4', '3', '3.00', '7'),
(16520042, 'IE105.2.GK', '1', 'G1', '1', '1', '7'),
(16520042, 'IE105.2.GK', '2', 'G2', '2', '1', '7'),
(16520042, 'IE105.2.GK', '3', 'G2', '2', '2', '7'),
(16520042, 'IE105.2.GK', '3', 'G3', '2', '2', '7'),
(16520042, 'IE105.2.GK', '4', 'G3', '3', '2.00', '7'),
(16520042, 'IE105.2.GK', '4', 'G4', '3', '2.00', '7'),
(16520042, 'IE105.2.GK', '5', 'G1', '2', '2.00', '7'),
(16520043, 'IE105.2.CK', '1', 'G1', '2', '1.00', '7'),
(16520043, 'IE105.2.CK', '2', 'G2', '2', '2.00', '7'),
(16520043, 'IE105.2.CK', '3', 'G2', '3', '3.00', '7'),
(16520043, 'IE105.2.CK', '3', 'G3', '3', '3.00', '7'),
(16520043, 'IE105.2.CK', '4', 'G3', '3', '1.00', '7'),
(16520043, 'IE105.2.CK', '4', 'G4', '3', '1.00', '7'),
(16520043, 'IE105.2.GK', '1', 'G1', '1', '0.5', '7'),
(16520043, 'IE105.2.GK', '2', 'G2', '2', '1', '7'),
(16520043, 'IE105.2.GK', '3', 'G2', '2', '2', '7'),
(16520043, 'IE105.2.GK', '3', 'G3', '2', '2', '7'),
(16520043, 'IE105.2.GK', '4', 'G3', '3', '0.00', '7'),
(16520043, 'IE105.2.GK', '4', 'G4', '3', '0.00', '7'),
(16520043, 'IE105.2.GK', '5', 'G1', '2', '2.00', '7'),
(16520045, 'IE105.2.CK', '1', 'G1', '2', '1.00', '8'),
(16520045, 'IE105.2.CK', '2', 'G2', '2', '2.00', '8'),
(16520045, 'IE105.2.CK', '3', 'G2', '3', '3.00', '8'),
(16520045, 'IE105.2.CK', '3', 'G3', '3', '3.00', '8'),
(16520045, 'IE105.2.CK', '4', 'G3', '3', '1.00', '8'),
(16520045, 'IE105.2.CK', '4', 'G4', '3', '1.00', '8'),
(16520045, 'IE105.2.GK', '1', 'G1', '1', '1', '8'),
(16520045, 'IE105.2.GK', '2', 'G2', '2', '1', '8'),
(16520045, 'IE105.2.GK', '3', 'G2', '2', '2', '8'),
(16520045, 'IE105.2.GK', '3', 'G3', '2', '2', '8'),
(16520045, 'IE105.2.GK', '4', 'G3', '3', '1.00', '8'),
(16520045, 'IE105.2.GK', '4', 'G4', '3', '1.00', '8'),
(16520045, 'IE105.2.GK', '5', 'G1', '2', '2.00', '8'),
(16520046, 'IE105.2.CK', '1', 'G1', '2', '1.00', '9'),
(16520046, 'IE105.2.CK', '2', 'G2', '2', '2.00', '9'),
(16520046, 'IE105.2.CK', '3', 'G2', '3', '3.00', '9'),
(16520046, 'IE105.2.CK', '3', 'G3', '3', '3.00', '9'),
(16520046, 'IE105.2.CK', '4', 'G3', '3', '1.00', '9'),
(16520046, 'IE105.2.CK', '4', 'G4', '3', '1.00', '9'),
(16520046, 'IE105.2.GK', '1', 'G1', '1', '1', '9'),
(16520046, 'IE105.2.GK', '2', 'G2', '2', '1', '9'),
(16520046, 'IE105.2.GK', '3', 'G2', '2', '2', '9'),
(16520046, 'IE105.2.GK', '3', 'G3', '2', '2', '9'),
(16520046, 'IE105.2.GK', '4', 'G3', '3', '0.00', '9'),
(16520046, 'IE105.2.GK', '4', 'G4', '3', '0.00', '9'),
(16520046, 'IE105.2.GK', '5', 'G1', '2', '3.00', '9'),
(16520047, 'IE105.2.CK', '1', 'G1', '2', '2.00', '0'),
(16520047, 'IE105.2.CK', '2', 'G2', '2', '2.00', '0'),
(16520047, 'IE105.2.CK', '3', 'G2', '3', '3.00', '0'),
(16520047, 'IE105.2.CK', '3', 'G3', '3', '3.00', '0'),
(16520047, 'IE105.2.CK', '4', 'G3', '3', '3.00', '0'),
(16520047, 'IE105.2.CK', '4', 'G4', '3', '3.00', '0'),
(16520047, 'IE105.2.GK', '1', 'G1', '1', '0.5', '0'),
(16520047, 'IE105.2.GK', '2', 'G2', '2', '2', '0'),
(16520047, 'IE105.2.GK', '3', 'G2', '2', '1.5', '0'),
(16520047, 'IE105.2.GK', '3', 'G3', '2', '1.5', '0'),
(16520047, 'IE105.2.GK', '4', 'G3', '3', '2.00', '0'),
(16520047, 'IE105.2.GK', '4', 'G4', '3', '2.00', '0'),
(16520047, 'IE105.2.GK', '5', 'G1', '2', '0.00', '0'),
(16520048, 'IE105.2.CK', '1', 'G1', '2', '1.00', '0'),
(16520048, 'IE105.2.CK', '2', 'G2', '2', '1.00', '0'),
(16520048, 'IE105.2.CK', '3', 'G2', '3', '2.00', '0'),
(16520048, 'IE105.2.CK', '3', 'G3', '3', '2.00', '0'),
(16520048, 'IE105.2.CK', '4', 'G3', '3', '2.00', '0'),
(16520048, 'IE105.2.CK', '4', 'G4', '3', '2.00', '0'),
(16520048, 'IE105.2.GK', '1', 'G1', '1', '1', '0'),
(16520048, 'IE105.2.GK', '2', 'G2', '2', '1', '0'),
(16520048, 'IE105.2.GK', '3', 'G2', '2', '2', '0'),
(16520048, 'IE105.2.GK', '3', 'G3', '2', '2', '0'),
(16520048, 'IE105.2.GK', '4', 'G3', '3', '0.00', '0'),
(16520048, 'IE105.2.GK', '4', 'G4', '3', '0.00', '0'),
(16520048, 'IE105.2.GK', '5', 'G1', '2', '3.00', '0'),
(16520049, 'IE105.2.CK', '1', 'G1', '2', '1.00', '9'),
(16520049, 'IE105.2.CK', '2', 'G2', '2', '2.00', '9'),
(16520049, 'IE105.2.CK', '3', 'G2', '3', '1.00', '9'),
(16520049, 'IE105.2.CK', '3', 'G3', '3', '1.00', '9'),
(16520049, 'IE105.2.CK', '4', 'G3', '3', '3.00', '9'),
(16520049, 'IE105.2.CK', '4', 'G4', '3', '3.00', '9'),
(16520049, 'IE105.2.GK', '1', 'G1', '1', '1', '9'),
(16520049, 'IE105.2.GK', '2', 'G2', '2', '1', '9'),
(16520049, 'IE105.2.GK', '3', 'G2', '2', '2', '9'),
(16520049, 'IE105.2.GK', '3', 'G3', '2', '2', '9'),
(16520049, 'IE105.2.GK', '4', 'G3', '3', '0.00', '9'),
(16520049, 'IE105.2.GK', '4', 'G4', '3', '0.00', '9'),
(16520049, 'IE105.2.GK', '5', 'G1', '2', '1.00', '9'),
(16520050, 'IE105.2.CK', '1', 'G1', '2', '1.00', '9'),
(16520050, 'IE105.2.CK', '2', 'G2', '2', '1.00', '9'),
(16520050, 'IE105.2.CK', '3', 'G2', '3', '3.00', '9'),
(16520050, 'IE105.2.CK', '3', 'G3', '3', '3.00', '9'),
(16520050, 'IE105.2.CK', '4', 'G3', '3', '3.00', '9'),
(16520050, 'IE105.2.CK', '4', 'G4', '3', '3.00', '9'),
(16520050, 'IE105.2.GK', '1', 'G1', '1', '0.5', '9'),
(16520050, 'IE105.2.GK', '2', 'G2', '2', '2', '9'),
(16520050, 'IE105.2.GK', '3', 'G2', '2', '1.5', '9'),
(16520050, 'IE105.2.GK', '3', 'G3', '2', '1.5', '9'),
(16520050, 'IE105.2.GK', '4', 'G3', '3', '1.00', '9'),
(16520050, 'IE105.2.GK', '4', 'G4', '3', '1.00', '9'),
(16520050, 'IE105.2.GK', '5', 'G1', '2', '0.00', '9'),
(16520051, 'IE105.2.CK', '1', 'G1', '2', '1.00', '8'),
(16520051, 'IE105.2.CK', '2', 'G2', '2', '2.00', '8'),
(16520051, 'IE105.2.CK', '3', 'G2', '3', '2.00', '8'),
(16520051, 'IE105.2.CK', '3', 'G3', '3', '2.00', '8'),
(16520051, 'IE105.2.CK', '4', 'G3', '3', '2.00', '8'),
(16520051, 'IE105.2.CK', '4', 'G4', '3', '2.00', '8'),
(16520051, 'IE105.2.GK', '1', 'G1', '1', '1', '8'),
(16520051, 'IE105.2.GK', '2', 'G2', '2', '1', '8'),
(16520051, 'IE105.2.GK', '3', 'G2', '2', '2', '8'),
(16520051, 'IE105.2.GK', '3', 'G3', '2', '2', '8'),
(16520051, 'IE105.2.GK', '4', 'G3', '3', '1.00', '8'),
(16520051, 'IE105.2.GK', '4', 'G4', '3', '1.00', '8'),
(16520051, 'IE105.2.GK', '5', 'G1', '2', '3.00', '8'),
(16520052, 'IE105.2.CK', '1', 'G1', '2', '2.00', '8'),
(16520052, 'IE105.2.CK', '2', 'G2', '2', '1.00', '8'),
(16520052, 'IE105.2.CK', '3', 'G2', '3', '3.00', '8'),
(16520052, 'IE105.2.CK', '3', 'G3', '3', '3.00', '8'),
(16520052, 'IE105.2.CK', '4', 'G3', '3', '2.00', '8'),
(16520052, 'IE105.2.CK', '4', 'G4', '3', '2.00', '8'),
(16520052, 'IE105.2.GK', '1', 'G1', '1', '1', '8'),
(16520052, 'IE105.2.GK', '2', 'G2', '2', '1', '8'),
(16520052, 'IE105.2.GK', '3', 'G2', '2', '2', '8'),
(16520052, 'IE105.2.GK', '3', 'G3', '2', '2', '8'),
(16520052, 'IE105.2.GK', '4', 'G3', '3', '0.00', '8'),
(16520052, 'IE105.2.GK', '4', 'G4', '3', '0.00', '8'),
(16520052, 'IE105.2.GK', '5', 'G1', '2', '0.00', '8'),
(16520053, 'IE105.2.CK', '1', 'G1', '2', '1.00', '7'),
(16520053, 'IE105.2.CK', '2', 'G2', '2', '2.00', '7'),
(16520053, 'IE105.2.CK', '3', 'G2', '3', '2.00', '7'),
(16520053, 'IE105.2.CK', '3', 'G3', '3', '2.00', '7'),
(16520053, 'IE105.2.CK', '4', 'G3', '3', '1.00', '7'),
(16520053, 'IE105.2.CK', '4', 'G4', '3', '1.00', '7'),
(16520053, 'IE105.2.GK', '1', 'G1', '1', '1', '7'),
(16520053, 'IE105.2.GK', '2', 'G2', '2', '2', '7'),
(16520053, 'IE105.2.GK', '3', 'G2', '2', '1.5', '7'),
(16520053, 'IE105.2.GK', '3', 'G3', '2', '1.5', '7'),
(16520053, 'IE105.2.GK', '4', 'G3', '3', '1.00', '7'),
(16520053, 'IE105.2.GK', '4', 'G4', '3', '1.00', '7'),
(16520053, 'IE105.2.GK', '5', 'G1', '2', '1.00', '7'),
(16520054, 'IE105.2.CK', '1', 'G1', '2', '2.00', '7'),
(16520054, 'IE105.2.CK', '2', 'G2', '2', '2.00', '7'),
(16520054, 'IE105.2.CK', '3', 'G2', '3', '1.00', '7'),
(16520054, 'IE105.2.CK', '3', 'G3', '3', '1.00', '7'),
(16520054, 'IE105.2.CK', '4', 'G3', '3', '1.00', '7'),
(16520054, 'IE105.2.CK', '4', 'G4', '3', '1.00', '7'),
(16520054, 'IE105.2.GK', '1', 'G1', '1', '0.5', '7'),
(16520054, 'IE105.2.GK', '2', 'G2', '2', '1', '7'),
(16520054, 'IE105.2.GK', '3', 'G2', '2', '2', '7'),
(16520054, 'IE105.2.GK', '3', 'G3', '2', '2', '7'),
(16520054, 'IE105.2.GK', '4', 'G3', '3', '2.00', '7'),
(16520054, 'IE105.2.GK', '4', 'G4', '3', '2.00', '7'),
(16520054, 'IE105.2.GK', '5', 'G1', '2', '1.00', '7'),
(16520055, 'IE105.2.CK', '1', 'G1', '2', '1.00', '7'),
(16520055, 'IE105.2.CK', '2', 'G2', '2', '1.00', '7'),
(16520055, 'IE105.2.CK', '3', 'G2', '3', '2.00', '7'),
(16520055, 'IE105.2.CK', '3', 'G3', '3', '2.00', '7'),
(16520055, 'IE105.2.CK', '4', 'G3', '3', '2.00', '7'),
(16520055, 'IE105.2.CK', '4', 'G4', '3', '2.00', '7'),
(16520055, 'IE105.2.GK', '1', 'G1', '1', '1', '7'),
(16520055, 'IE105.2.GK', '2', 'G2', '2', '1', '7'),
(16520055, 'IE105.2.GK', '3', 'G2', '2', '2', '7'),
(16520055, 'IE105.2.GK', '3', 'G3', '2', '2', '7'),
(16520055, 'IE105.2.GK', '4', 'G3', '3', '0.00', '7'),
(16520055, 'IE105.2.GK', '4', 'G4', '3', '0.00', '7'),
(16520055, 'IE105.2.GK', '5', 'G1', '2', '3.00', '7'),
(16520056, 'IE105.2.CK', '1', 'G1', '2', '1.00', '7'),
(16520056, 'IE105.2.CK', '2', 'G2', '2', '1.00', '7'),
(16520056, 'IE105.2.CK', '3', 'G2', '3', '2.00', '7'),
(16520056, 'IE105.2.CK', '3', 'G3', '3', '2.00', '7'),
(16520056, 'IE105.2.CK', '4', 'G3', '3', '3.00', '7'),
(16520056, 'IE105.2.CK', '4', 'G4', '3', '3.00', '7'),
(16520056, 'IE105.2.GK', '1', 'G1', '1', '1', '7'),
(16520056, 'IE105.2.GK', '2', 'G2', '2', '2', '7'),
(16520056, 'IE105.2.GK', '3', 'G2', '2', '1.5', '7'),
(16520056, 'IE105.2.GK', '3', 'G3', '2', '1.5', '7'),
(16520056, 'IE105.2.GK', '4', 'G3', '3', '2.00', '7'),
(16520056, 'IE105.2.GK', '4', 'G4', '3', '2.00', '7'),
(16520056, 'IE105.2.GK', '5', 'G1', '2', '2.00', '7'),
(16520057, 'IE105.2.CK', '1', 'G1', '2', '2.00', '7'),
(16520057, 'IE105.2.CK', '2', 'G2', '2', '2.00', '7'),
(16520057, 'IE105.2.CK', '3', 'G2', '3', '1.00', '7'),
(16520057, 'IE105.2.CK', '3', 'G3', '3', '1.00', '7'),
(16520057, 'IE105.2.CK', '4', 'G3', '3', '2.00', '7'),
(16520057, 'IE105.2.CK', '4', 'G4', '3', '2.00', '7'),
(16520057, 'IE105.2.GK', '1', 'G1', '1', '1', '7'),
(16520057, 'IE105.2.GK', '2', 'G2', '2', '1', '7'),
(16520057, 'IE105.2.GK', '3', 'G2', '2', '2', '7'),
(16520057, 'IE105.2.GK', '3', 'G3', '2', '2', '7'),
(16520057, 'IE105.2.GK', '4', 'G3', '3', '1.00', '7'),
(16520057, 'IE105.2.GK', '4', 'G4', '3', '1.00', '7'),
(16520057, 'IE105.2.GK', '5', 'G1', '2', '2.00', '7'),
(16520058, 'IE105.2.CK', '1', 'G1', '2', '2.00', '9'),
(16520058, 'IE105.2.CK', '2', 'G2', '2', '2.00', '9'),
(16520058, 'IE105.2.CK', '3', 'G2', '3', '3.00', '9'),
(16520058, 'IE105.2.CK', '3', 'G3', '3', '3.00', '9'),
(16520058, 'IE105.2.CK', '4', 'G3', '3', '1.00', '9'),
(16520058, 'IE105.2.CK', '4', 'G4', '3', '1.00', '9'),
(16520058, 'IE105.2.GK', '1', 'G1', '1', '1', '9'),
(16520058, 'IE105.2.GK', '2', 'G2', '2', '2', '9'),
(16520058, 'IE105.2.GK', '3', 'G2', '2', '2', '9'),
(16520058, 'IE105.2.GK', '3', 'G3', '2', '2', '9'),
(16520058, 'IE105.2.GK', '4', 'G3', '3', '0.00', '9'),
(16520058, 'IE105.2.GK', '4', 'G4', '3', '0.00', '9'),
(16520058, 'IE105.2.GK', '5', 'G1', '2', '1.00', '9'),
(16520059, 'IE105.2.CK', '1', 'G1', '2', '2.00', '0'),
(16520059, 'IE105.2.CK', '2', 'G2', '2', '1.00', '0'),
(16520059, 'IE105.2.CK', '3', 'G2', '3', '3.00', '0'),
(16520059, 'IE105.2.CK', '3', 'G3', '3', '3.00', '0'),
(16520059, 'IE105.2.CK', '4', 'G3', '3', '3.00', '0'),
(16520059, 'IE105.2.CK', '4', 'G4', '3', '3.00', '0'),
(16520059, 'IE105.2.GK', '1', 'G1', '1', '0.5', '0'),
(16520059, 'IE105.2.GK', '2', 'G2', '2', '1', '0'),
(16520059, 'IE105.2.GK', '3', 'G2', '2', '1.5', '0'),
(16520059, 'IE105.2.GK', '3', 'G3', '2', '1.5', '0'),
(16520059, 'IE105.2.GK', '4', 'G3', '3', '0.00', '0'),
(16520059, 'IE105.2.GK', '4', 'G4', '3', '0.00', '0'),
(16520059, 'IE105.2.GK', '5', 'G1', '2', '0.00', '0'),
(16520060, 'IE105.2.CK', '1', 'G1', '2', '1.00', '8'),
(16520060, 'IE105.2.CK', '2', 'G2', '2', '1.00', '8'),
(16520060, 'IE105.2.CK', '3', 'G2', '3', '2.00', '8'),
(16520060, 'IE105.2.CK', '3', 'G3', '3', '2.00', '8'),
(16520060, 'IE105.2.CK', '4', 'G3', '3', '3.00', '8'),
(16520060, 'IE105.2.CK', '4', 'G4', '3', '3.00', '8'),
(16520060, 'IE105.2.GK', '1', 'G1', '1', '0.5', '8'),
(16520060, 'IE105.2.GK', '2', 'G2', '2', '1', '8'),
(16520060, 'IE105.2.GK', '3', 'G2', '2', '2', '8'),
(16520060, 'IE105.2.GK', '3', 'G3', '2', '2', '8'),
(16520060, 'IE105.2.GK', '4', 'G3', '3', '2.00', '8'),
(16520060, 'IE105.2.GK', '4', 'G4', '3', '2.00', '8'),
(16520060, 'IE105.2.GK', '5', 'G1', '2', '1.00', '8'),
(16520061, 'IE105.2.CK', '1', 'G1', '2', '1.00', '8'),
(16520061, 'IE105.2.CK', '2', 'G2', '2', '1.00', '8'),
(16520061, 'IE105.2.CK', '3', 'G2', '3', '1.00', '8'),
(16520061, 'IE105.2.CK', '3', 'G3', '3', '1.00', '8'),
(16520061, 'IE105.2.CK', '4', 'G3', '3', '2.00', '8'),
(16520061, 'IE105.2.CK', '4', 'G4', '3', '2.00', '8'),
(16520061, 'IE105.2.GK', '1', 'G1', '1', '0.5', '8'),
(16520061, 'IE105.2.GK', '2', 'G2', '2', '2', '8'),
(16520061, 'IE105.2.GK', '3', 'G2', '2', '2', '8'),
(16520061, 'IE105.2.GK', '3', 'G3', '2', '2', '8'),
(16520061, 'IE105.2.GK', '4', 'G3', '3', '0.00', '8'),
(16520061, 'IE105.2.GK', '4', 'G4', '3', '0.00', '8'),
(16520061, 'IE105.2.GK', '5', 'G1', '2', '2.00', '8'),
(16520062, 'IE105.2.CK', '1', 'G1', '2', '2.00', '8'),
(16520062, 'IE105.2.CK', '2', 'G2', '2', '1.00', '8'),
(16520062, 'IE105.2.CK', '3', 'G2', '3', '2.00', '8'),
(16520062, 'IE105.2.CK', '3', 'G3', '3', '2.00', '8'),
(16520062, 'IE105.2.CK', '4', 'G3', '3', '3.00', '8'),
(16520062, 'IE105.2.CK', '4', 'G4', '3', '3.00', '8'),
(16520062, 'IE105.2.GK', '1', 'G1', '1', '1', '8'),
(16520062, 'IE105.2.GK', '2', 'G2', '2', '1', '8'),
(16520062, 'IE105.2.GK', '3', 'G2', '2', '2', '8'),
(16520062, 'IE105.2.GK', '3', 'G3', '2', '2', '8'),
(16520062, 'IE105.2.GK', '4', 'G3', '3', '0.00', '8'),
(16520062, 'IE105.2.GK', '4', 'G4', '3', '0.00', '8'),
(16520062, 'IE105.2.GK', '5', 'G1', '2', '0.00', '8'),
(16520063, 'IE105.2.CK', '1', 'G1', '2', '1.00', '7'),
(16520063, 'IE105.2.CK', '2', 'G2', '2', '1.00', '7'),
(16520063, 'IE105.2.CK', '3', 'G2', '3', '3.00', '7'),
(16520063, 'IE105.2.CK', '3', 'G3', '3', '3.00', '7'),
(16520063, 'IE105.2.CK', '4', 'G3', '3', '2.00', '7'),
(16520063, 'IE105.2.CK', '4', 'G4', '3', '2.00', '7'),
(16520063, 'IE105.2.GK', '1', 'G1', '1', '1', '7'),
(16520063, 'IE105.2.GK', '2', 'G2', '2', '1', '7'),
(16520063, 'IE105.2.GK', '3', 'G2', '2', '1.5', '7'),
(16520063, 'IE105.2.GK', '3', 'G3', '2', '1.5', '7'),
(16520063, 'IE105.2.GK', '4', 'G3', '3', '2.00', '7'),
(16520063, 'IE105.2.GK', '4', 'G4', '3', '2.00', '7'),
(16520063, 'IE105.2.GK', '5', 'G1', '2', '2.00', '7'),
(16520064, 'IE105.2.CK', '1', 'G1', '2', '2.00', '6'),
(16520064, 'IE105.2.CK', '2', 'G2', '2', '1.00', '6'),
(16520064, 'IE105.2.CK', '3', 'G2', '3', '2.00', '6'),
(16520064, 'IE105.2.CK', '3', 'G3', '3', '2.00', '6'),
(16520064, 'IE105.2.CK', '4', 'G3', '3', '2.00', '6'),
(16520064, 'IE105.2.CK', '4', 'G4', '3', '2.00', '6'),
(16520064, 'IE105.2.GK', '1', 'G1', '1', '0.5', '6'),
(16520064, 'IE105.2.GK', '2', 'G2', '2', '2', '6'),
(16520064, 'IE105.2.GK', '3', 'G2', '2', '2', '6'),
(16520064, 'IE105.2.GK', '3', 'G3', '2', '2', '6'),
(16520064, 'IE105.2.GK', '4', 'G3', '3', '2.00', '6'),
(16520064, 'IE105.2.GK', '4', 'G4', '3', '2.00', '6'),
(16520064, 'IE105.2.GK', '5', 'G1', '2', '2.00', '6'),
(16520065, 'IE105.2.CK', '1', 'G1', '2', '2.00', '5'),
(16520065, 'IE105.2.CK', '2', 'G2', '2', '1.00', '5'),
(16520065, 'IE105.2.CK', '3', 'G2', '3', '3.00', '5'),
(16520065, 'IE105.2.CK', '3', 'G3', '3', '3.00', '5'),
(16520065, 'IE105.2.CK', '4', 'G3', '3', '1.00', '5'),
(16520065, 'IE105.2.CK', '4', 'G4', '3', '1.00', '5'),
(16520065, 'IE105.2.GK', '1', 'G1', '1', '1', '5'),
(16520065, 'IE105.2.GK', '2', 'G2', '2', '1', '5'),
(16520065, 'IE105.2.GK', '3', 'G2', '2', '2', '5'),
(16520065, 'IE105.2.GK', '3', 'G3', '2', '2', '5'),
(16520065, 'IE105.2.GK', '4', 'G3', '3', '0.00', '5'),
(16520065, 'IE105.2.GK', '4', 'G4', '3', '0.00', '5'),
(16520065, 'IE105.2.GK', '5', 'G1', '2', '1.00', '5'),
(16520066, 'IE105.2.CK', '1', 'G1', '2', '2.00', '6'),
(16520066, 'IE105.2.CK', '2', 'G2', '2', '2.00', '6'),
(16520066, 'IE105.2.CK', '3', 'G2', '3', '1.00', '6'),
(16520066, 'IE105.2.CK', '3', 'G3', '3', '1.00', '6'),
(16520066, 'IE105.2.CK', '4', 'G3', '3', '1.00', '6'),
(16520066, 'IE105.2.CK', '4', 'G4', '3', '1.00', '6'),
(16520066, 'IE105.2.GK', '1', 'G1', '1', '1', '6'),
(16520066, 'IE105.2.GK', '2', 'G2', '2', '1', '6'),
(16520066, 'IE105.2.GK', '3', 'G2', '2', '1.5', '6'),
(16520066, 'IE105.2.GK', '3', 'G3', '2', '1.5', '6'),
(16520066, 'IE105.2.GK', '4', 'G3', '3', '0.00', '6'),
(16520066, 'IE105.2.GK', '4', 'G4', '3', '0.00', '6'),
(16520066, 'IE105.2.GK', '5', 'G1', '2', '3.00', '6'),
(16520067, 'IE105.2.CK', '1', 'G1', '2', '1.00', '6'),
(16520067, 'IE105.2.CK', '2', 'G2', '2', '2.00', '6'),
(16520067, 'IE105.2.CK', '3', 'G2', '3', '2.00', '6'),
(16520067, 'IE105.2.CK', '3', 'G3', '3', '2.00', '6'),
(16520067, 'IE105.2.CK', '4', 'G3', '3', '2.00', '6'),
(16520067, 'IE105.2.CK', '4', 'G4', '3', '2.00', '6'),
(16520067, 'IE105.2.GK', '1', 'G1', '1', '0.5', '6'),
(16520067, 'IE105.2.GK', '2', 'G2', '2', '2', '6'),
(16520067, 'IE105.2.GK', '3', 'G2', '2', '2', '6'),
(16520067, 'IE105.2.GK', '3', 'G3', '2', '2', '6'),
(16520067, 'IE105.2.GK', '4', 'G3', '3', '1.00', '6'),
(16520067, 'IE105.2.GK', '4', 'G4', '3', '1.00', '6'),
(16520067, 'IE105.2.GK', '5', 'G1', '2', '2.00', '6'),
(16520068, 'IE105.2.CK', '1', 'G1', '2', '2.00', '7'),
(16520068, 'IE105.2.CK', '2', 'G2', '2', '2.00', '7'),
(16520068, 'IE105.2.CK', '3', 'G2', '3', '3.00', '7'),
(16520068, 'IE105.2.CK', '3', 'G3', '3', '3.00', '7'),
(16520068, 'IE105.2.CK', '4', 'G3', '3', '3.00', '7'),
(16520068, 'IE105.2.CK', '4', 'G4', '3', '3.00', '7'),
(16520068, 'IE105.2.GK', '1', 'G1', '1', '1', '7'),
(16520068, 'IE105.2.GK', '2', 'G2', '2', '1', '7'),
(16520068, 'IE105.2.GK', '3', 'G2', '2', '2', '7'),
(16520068, 'IE105.2.GK', '3', 'G3', '2', '2', '7'),
(16520068, 'IE105.2.GK', '4', 'G3', '3', '2.00', '7'),
(16520068, 'IE105.2.GK', '4', 'G4', '3', '2.00', '7'),
(16520068, 'IE105.2.GK', '5', 'G1', '2', '2.00', '7'),
(16520069, 'IE105.2.CK', '1', 'G1', '2', '1.00', '8'),
(16520069, 'IE105.2.CK', '2', 'G2', '2', '2.00', '8'),
(16520069, 'IE105.2.CK', '3', 'G2', '3', '3.00', '8'),
(16520069, 'IE105.2.CK', '3', 'G3', '3', '3.00', '8'),
(16520069, 'IE105.2.CK', '4', 'G3', '3', '1.00', '8'),
(16520069, 'IE105.2.CK', '4', 'G4', '3', '1.00', '8'),
(16520069, 'IE105.2.GK', '1', 'G1', '1', '1', '8'),
(16520069, 'IE105.2.GK', '2', 'G2', '2', '1', '8'),
(16520069, 'IE105.2.GK', '3', 'G2', '2', '1.5', '8'),
(16520069, 'IE105.2.GK', '3', 'G3', '2', '1.5', '8'),
(16520069, 'IE105.2.GK', '4', 'G3', '3', '2.01', '8'),
(16520069, 'IE105.2.GK', '4', 'G4', '3', '2.01', '8'),
(16520069, 'IE105.2.GK', '5', 'G1', '2', '0.00', '8'),
(16520070, 'IE105.2.CK', '1', 'G1', '2', '1.00', '9'),
(16520070, 'IE105.2.CK', '2', 'G2', '2', '2.00', '9'),
(16520070, 'IE105.2.CK', '3', 'G2', '3', '1.00', '9'),
(16520070, 'IE105.2.CK', '3', 'G3', '3', '1.00', '9'),
(16520070, 'IE105.2.CK', '4', 'G3', '3', '1.00', '9'),
(16520070, 'IE105.2.CK', '4', 'G4', '3', '1.00', '9'),
(16520070, 'IE105.2.GK', '1', 'G1', '1', '0.5', '9'),
(16520070, 'IE105.2.GK', '2', 'G2', '2', '1', '9'),
(16520070, 'IE105.2.GK', '3', 'G2', '2', '2', '9'),
(16520070, 'IE105.2.GK', '3', 'G3', '2', '2', '9'),
(16520070, 'IE105.2.GK', '4', 'G3', '3', '2.02', '9'),
(16520070, 'IE105.2.GK', '4', 'G4', '3', '2.02', '9'),
(16520070, 'IE105.2.GK', '5', 'G1', '2', '2.00', '9');

-- --------------------------------------------------------

--
-- Cấu trúc bảng cho bảng `GIAOVIEN`
--

CREATE TABLE `GIAOVIEN` (
  `MAGV` int(11) NOT NULL,
  `PASS` char(30) DEFAULT NULL,
  `HOTEN` varchar(30) NOT NULL,
  `PHANQUYEN` int(11) DEFAULT NULL,
  `MAKHOA` char(10) DEFAULT NULL
) ENGINE=InnoDB DEFAULT CHARSET=latin1;

--
-- Đang đổ dữ liệu cho bảng `GIAOVIEN`
--

INSERT INTO `GIAOVIEN` (`MAGV`, `PASS`, `HOTEN`, `PHANQUYEN`, `MAKHOA`) VALUES
(11120001, '213', 'Nguy?n Gia Tu?n Anh', 1, 'KTTT'),
(11120002, '213', 'Nguy?n V?n Ki?t', 2, 'KTTT'),
(11120003, '213', 'T? Thu Th?y', 3, 'KTTT'),
(11120004, '213', 'Ph?m Th? S?n', 3, 'KTTT'),
(11120005, '213', 'Nguy?n Th? Anh Th?', 3, 'KTTT'),
(11120006, '213', 'Nguy?n T?n C?m', 2, 'KTTT'),
(11120007, '213', 'Võ Ng?c Tân', 2, 'KTTT'),
(11120008, '213', 'Võ T?n Khoa', 2, 'KTTT');

-- --------------------------------------------------------

--
-- Cấu trúc bảng cho bảng `KHOA`
--

CREATE TABLE `KHOA` (
  `MAKHOA` char(10) NOT NULL,
  `TENKHOA` varchar(30) NOT NULL
) ENGINE=InnoDB DEFAULT CHARSET=latin1;

--
-- Đang đổ dữ liệu cho bảng `KHOA`
--

INSERT INTO `KHOA` (`MAKHOA`, `TENKHOA`) VALUES
('CNPM', 'Công ngh? Ph?n m?m'),
('HTTT', 'H? th?ng thông tin'),
('KHMT', 'Khoa h?c máy tính'),
('KTMT', 'K? thu?t máy tính'),
('KTTT', 'Khoa h?c và k? thu?t thông tin'),
('MTTT', 'M?ng máy tính và truy?n thông');

-- --------------------------------------------------------

--
-- Cấu trúc bảng cho bảng `LOPHOC`
--

CREATE TABLE `LOPHOC` (
  `MALOPHOC` char(10) NOT NULL,
  `MAMH` char(10) DEFAULT NULL,
  `MAGV` int(11) DEFAULT NULL
) ENGINE=InnoDB DEFAULT CHARSET=latin1;

--
-- Đang đổ dữ liệu cho bảng `LOPHOC`
--

INSERT INTO `LOPHOC` (`MALOPHOC`, `MAMH`, `MAGV`) VALUES
('IE006.5', 'IE006', 11120005),
('IE007.6', 'IE007', 11120006),
('IE103.1', 'IE103', 11120001),
('IE104.7', 'IE104', 11120007),
('IE104.8', 'IE104', 11120008),
('IE105.2', 'IE105', 11120002),
('IE105.3', 'IE105', 11120003),
('IT001.2', 'IT001', 11120002),
('IT001.3', 'IT001', 11120003);

-- --------------------------------------------------------

--
-- Cấu trúc bảng cho bảng `LOPSH`
--

CREATE TABLE `LOPSH` (
  `MALOPSH` char(10) NOT NULL,
  `TENLOP` char(40) DEFAULT NULL,
  `MAGV` int(11) DEFAULT NULL,
  `MAKHOA` char(10) DEFAULT NULL,
  `SOLUONG` int(11) DEFAULT NULL
) ENGINE=InnoDB DEFAULT CHARSET=latin1;

--
-- Đang đổ dữ liệu cho bảng `LOPSH`
--

INSERT INTO `LOPSH` (`MALOPSH`, `TENLOP`, `MAGV`, `MAKHOA`, `SOLUONG`) VALUES
('CNTT2016', 'Công nghê thông tin 2016', 11120003, 'KTTT', 70),
('CNTT2017', 'Công nghê thông tin 2017', 11120005, 'KTTT', 39),
('CNTT2018', 'Công nghê thông tin 2018', 11120003, 'KTTT', 40),
('KHDL2018', 'Khoa hoc du liêu 2018', 11120004, 'KTTT', 54);

-- --------------------------------------------------------

--
-- Cấu trúc bảng cho bảng `MONHOC`
--

CREATE TABLE `MONHOC` (
  `MAMH` char(10) NOT NULL,
  `TENMH` varchar(40) DEFAULT NULL,
  `MAKHOA` char(10) DEFAULT NULL
) ENGINE=InnoDB DEFAULT CHARSET=latin1;

--
-- Đang đổ dữ liệu cho bảng `MONHOC`
--

INSERT INTO `MONHOC` (`MAMH`, `TENMH`, `MAKHOA`) VALUES
('IE006', 'Khai thác d? li?u', 'KTTT'),
('IE007', 'T?i ?u hóa công c? tìm ki?m', 'KTTT'),
('IE103', 'Qu?n lý thông tin', 'KTTT'),
('IE104', 'Internet và công ngh? web', 'KTTT'),
('IE105', 'Công ngh? Java', 'KTTT'),
('IT001', 'Nh?p môn l?p trình', 'CNPM'),
('IT002', 'L?p trình h??ng ??i t??ng', 'KHMT'),
('IT006', 'Ki?n trúc máy tính', 'KTMT'),
('MA003', '??i s? tuy?n tính', 'HTTT'),
('MM001', 'Nh?p môn m?ng máy tính', 'MTTT');

-- --------------------------------------------------------

--
-- Cấu trúc bảng cho bảng `QUYEN`
--

CREATE TABLE `QUYEN` (
  `PHANQUYEN` int(11) NOT NULL,
  `GHICHU` varchar(300) DEFAULT NULL
) ENGINE=InnoDB DEFAULT CHARSET=latin1;

--
-- Đang đổ dữ liệu cho bảng `QUYEN`
--

INSERT INTO `QUYEN` (`PHANQUYEN`, `GHICHU`) VALUES
(1, 'Tr??ng khoa: có quy?n xem toàn b? h? th?ng'),
(2, 'Giáo viên:  N?p, thêm, s?a, xóa ?i?m c?a Sinh viên c?a l?p ?ang d?y (l?p h?c)'),
(3, 'CVHT: Là có quy?n c?a GV và thêm quy?n xem ?i?m, DS l?p c?a l?p L?p sinh ho?t'),
(4, 'Sinh viên: Xem ?i?m c?a chính mình'),
(5, 'Ngh? làm ho?c ngh? h?c r?i.');

-- --------------------------------------------------------

--
-- Cấu trúc bảng cho bảng `SINHVIEN`
--

CREATE TABLE `SINHVIEN` (
  `MSSV` int(11) NOT NULL,
  `PASS` char(30) DEFAULT NULL,
  `HOTEN` varchar(30) NOT NULL,
  `NGAYSINH` datetime DEFAULT NULL,
  `MALOPSH` char(10) DEFAULT NULL,
  `MAKHOA` char(10) DEFAULT NULL,
  `PHANQUYEN` int(11) DEFAULT NULL
) ENGINE=InnoDB DEFAULT CHARSET=latin1;

--
-- Đang đổ dữ liệu cho bảng `SINHVIEN`
--

INSERT INTO `SINHVIEN` (`MSSV`, `PASS`, `HOTEN`, `NGAYSINH`, `MALOPSH`, `MAKHOA`, `PHANQUYEN`) VALUES
(6520017, '123', 'Ph?m Thanh H?i', '1900-01-01 00:00:00', 'CNTT2016', 'KTTT', 4),
(16520002, '123', 'Lê Trung Kiên', '1900-01-01 00:00:00', 'CNTT2016', 'KTTT', 4),
(16520003, '123', 'Nguy?n Xuân An', '1900-01-01 00:00:00', 'CNTT2016', 'KTTT', 5),
(16520004, '123', 'nguy?n ?ình Anh', '1900-01-01 00:00:00', 'CNTT2016', 'KTTT', 4),
(16520005, '123', 'Nguy?n Thanh B?o', '1900-01-01 00:00:00', 'CNTT2016', 'KTTT', 4),
(16520006, '123', 'NGUY?N THU? CHÂU', '1900-01-01 00:00:00', 'CNTT2016', 'KTTT', 4),
(16520007, '123', '??ng Anh V?nh C??ng', '1900-01-01 00:00:00', 'CNTT2016', 'KTTT', 4),
(16520008, '123', 'L?i Th? C??ng', '1900-01-01 00:00:00', 'CNTT2016', 'KTTT', 4),
(16520009, '123', 'Võ V?n ?àn', '1900-01-01 00:00:00', 'CNTT2016', 'KTTT', 4),
(16520010, '123', 'Nguy?n Ti?n ??t', '1900-01-01 00:00:00', 'CNTT2016', 'KTTT', 4),
(16520011, '123', 'Tr?n Qu?c ??t', '1900-01-01 00:00:00', 'CNTT2016', 'KTTT', 4),
(16520012, '123', 'Nguy?n H?u ??nh', '1900-01-01 00:00:00', 'CNTT2016', 'KTTT', 4),
(16520013, '123', 'Cù Th? Kim Dung', '1900-01-01 00:00:00', 'CNTT2016', 'KTTT', 4),
(16520014, '123', 'Hà Ti?n D?ng', '1900-01-01 00:00:00', 'CNTT2016', 'KTTT', 4),
(16520015, '123', 'Nguy?n Ng?c Duy', '1900-01-01 00:00:00', 'CNTT2016', 'KTTT', 4),
(16520016, '123', 'Tr?n ??c Duy', '1900-01-01 00:00:00', 'CNTT2016', 'KTTT', 4),
(16520018, '123', '?? Th? Thúy H?ng', '1900-01-01 00:00:00', 'CNTT2016', 'KTTT', 4),
(16520019, '123', 'Lê Th? M? H?nh', '1900-01-01 00:00:00', 'CNTT2016', 'KTTT', 4),
(16520020, '123', 'Nguy?n Minh Hi?u', '1900-01-01 00:00:00', 'CNTT2016', 'KTTT', 4),
(16520021, '123', 'Hu?nh H?u Huân', '1900-01-01 00:00:00', 'CNTT2016', 'KTTT', 4),
(16520022, '123', 'Nguy?n ??c H?ng', '1900-01-01 00:00:00', 'CNTT2016', 'KTTT', 4),
(16520023, '123', 'Nguyê?n H??u H?ng', '1900-01-01 00:00:00', 'CNTT2016', 'KTTT', 4),
(16520024, '123', 'Hu?nh ??c Huy', '1900-01-01 00:00:00', 'CNTT2016', 'KTTT', 4),
(16520025, '123', 'Nguy?n Ph??c Quý Khang', '1900-01-01 00:00:00', 'CNTT2016', 'KTTT', 4),
(16520026, '123', 'Nguy?n Qu?c Khánh', '1900-01-01 00:00:00', 'CNTT2016', 'KTTT', 4),
(16520027, '123', 'Lê Trung Kiên', '1900-01-01 00:00:00', 'CNTT2016', 'KTTT', 4),
(16520028, '123', 'V??ng Dân Ki?n', '1900-01-01 00:00:00', 'CNTT2016', 'KTTT', 4),
(16520029, '123', 'LÊ ??C LÂM', '1900-01-01 00:00:00', 'CNTT2016', 'KTTT', 4),
(16520030, '123', 'Tr?n T?n L?c', '1900-01-01 00:00:00', 'CNTT2016', 'KTTT', 4),
(16520031, '123', 'Bùi Nguyên Mão', '1900-01-01 00:00:00', 'CNTT2016', 'KTTT', 4),
(16520032, '123', 'Nguy?n V?n Nam', '1900-01-01 00:00:00', 'CNTT2016', 'KTTT', 4),
(16520033, '123', 'Nguy?n Quang Ngh?a', '1900-01-01 00:00:00', 'CNTT2016', 'KTTT', 4),
(16520034, '123', 'Phan Trung Nguyên', '1900-01-01 00:00:00', 'CNTT2016', 'KTTT', 4),
(16520035, '123', 'Nguy?n Tr?ng Nhân', '1900-01-01 00:00:00', 'CNTT2016', 'KTTT', 4),
(16520036, '123', 'Võ Tr?ng Nhân', '1900-01-01 00:00:00', 'CNTT2016', 'KTTT', 4),
(16520037, '123', 'Ngô Minh Nhí', '1900-01-01 00:00:00', 'CNTT2016', 'KTTT', 4),
(16520038, '123', 'Ba?n Thi? Hô?ng Nhung', '1900-01-01 00:00:00', 'CNTT2016', 'KTTT', 4),
(16520039, '123', 'Phan Xuân Phong', '1900-01-01 00:00:00', 'CNTT2016', 'KTTT', 4),
(16520040, '123', 'Bùi Tr?n Uyên Quang', '1900-01-01 00:00:00', 'CNTT2016', 'KTTT', 4),
(16520041, '123', '?oàn ??c ??ng Quang', '1900-01-01 00:00:00', 'CNTT2016', 'KTTT', 4),
(16520042, '123', 'Nguy?n Minh Quang', '1900-01-01 00:00:00', 'CNTT2016', 'KTTT', 4),
(16520043, '123', 'Nguy?n V?n Quang', '1900-01-01 00:00:00', 'CNTT2016', 'KTTT', 4),
(16520045, '123', 'Nguy?n Duy Qu?c', '1900-01-01 00:00:00', 'CNTT2016', 'KTTT', 4),
(16520046, '123', 'Quách Phú Qu?c', '1900-01-01 00:00:00', 'CNTT2016', 'KTTT', 4),
(16520047, '123', 'Lê Minh San', '1900-01-01 00:00:00', 'CNTT2016', 'KTTT', 4),
(16520048, '123', 'Lê Hoài S?n', '1900-01-01 00:00:00', 'CNTT2016', 'KTTT', 4),
(16520049, '123', 'Nguy?n Bình S?n', '1900-01-01 00:00:00', 'CNTT2016', 'KTTT', 4),
(16520050, '123', 'Nguy?n H?u Th?ch', '1900-01-01 00:00:00', 'CNTT2016', 'KTTT', 4),
(16520051, '123', 'Nguy?n Hàm Thi?u', '1900-01-01 00:00:00', 'CNTT2016', 'KTTT', 4),
(16520052, '123', 'Bùi V?n Thu?n', '1900-01-01 00:00:00', 'CNTT2016', 'KTTT', 4),
(16520053, '123', 'Tr?n Lê Th?c', '1900-01-01 00:00:00', 'CNTT2016', 'KTTT', 4),
(16520054, '123', 'Hoàng Nh?t Ti?n', '1900-01-01 00:00:00', 'CNTT2016', 'KTTT', 4),
(16520055, '123', 'Bùi Th? Huy?n Trân', '1900-01-01 00:00:00', 'CNTT2016', 'KTTT', 4),
(16520056, '123', 'NGUYÊ?N H??U TRUNG', '1900-01-01 00:00:00', 'CNTT2016', 'KTTT', 4),
(16520057, '123', 'BÙI V?N TR??NG', '1900-01-01 00:00:00', 'CNTT2016', 'KTTT', 4),
(16520058, '123', 'Nguy?n ?ình Tr??ng', '1900-01-01 00:00:00', 'CNTT2016', 'KTTT', 4),
(16520059, '123', 'PHAN V?N T?', '1900-01-01 00:00:00', 'CNTT2016', 'KTTT', 4),
(16520060, '123', 'Thach Mo Tua', '1900-01-01 00:00:00', 'CNTT2016', 'KTTT', 4),
(16520061, '123', 'Nguy?n Ng?c Tuân', '1900-01-01 00:00:00', 'CNTT2016', 'KTTT', 4),
(16520062, '123', 'Lê V?n Uy', '1900-01-01 00:00:00', 'CNTT2016', 'KTTT', 4),
(16520063, '123', 'Nguy?n Th? Kim Y?n', '1900-01-01 00:00:00', 'CNTT2016', 'KTTT', 4),
(16520064, '123', 'Bu?i Quang Hiê?u', '1900-01-01 00:00:00', 'CNTT2016', 'KTTT', 4),
(16520065, '123', 'V? Hà Nam Ninh', '1900-01-01 00:00:00', 'CNTT2016', 'KTTT', 4),
(16520066, '123', 'Nguy?n V?n Thu?n', '1900-01-01 00:00:00', 'CNTT2016', 'KTTT', 4),
(16520067, '123', 'Tr?n V?n ??t', '1900-01-01 00:00:00', 'CNTT2016', 'KTTT', 4),
(16520068, '123', 'Lê ??c Minh', '1900-01-01 00:00:00', 'CNTT2016', 'KTTT', 4),
(16520069, '123', 'Nguy?n V?nh Thu?n', '1900-01-01 00:00:00', 'CNTT2016', 'KTTT', 4),
(16520070, '123', 'V? V?n Phú', '1900-01-01 00:00:00', 'CNTT2016', 'KTTT', 4),
(16520071, '123', 'Ph?m Gia B?o', '1900-01-01 00:00:00', 'CNTT2016', 'KTTT', 4);

--
-- Chỉ mục cho các bảng đã đổ
--

--
-- Chỉ mục cho bảng `CHUANG`
--
ALTER TABLE `CHUANG`
  ADD PRIMARY KEY (`MACHUANG`);

--
-- Chỉ mục cho bảng `CHUANL`
--
ALTER TABLE `CHUANL`
  ADD PRIMARY KEY (`MACHUANL`);

--
-- Chỉ mục cho bảng `CHUAN_L_G_MON`
--
ALTER TABLE `CHUAN_L_G_MON`
  ADD PRIMARY KEY (`MACHUANL`,`MACHUANG`,`MAMH`),
  ADD KEY `MAMH` (`MAMH`),
  ADD KEY `MACHUANG` (`MACHUANG`);

--
-- Chỉ mục cho bảng `DETHI`
--
ALTER TABLE `DETHI`
  ADD PRIMARY KEY (`MADETHI`),
  ADD KEY `MALOPHOC` (`MALOPHOC`);

--
-- Chỉ mục cho bảng `DIEM`
--
ALTER TABLE `DIEM`
  ADD PRIMARY KEY (`MSSV`,`MADETHI`,`MACAU`,`MACHUANG`),
  ADD KEY `MACHUANG` (`MACHUANG`),
  ADD KEY `MADETHI` (`MADETHI`),
  ADD KEY `MSSV` (`MSSV`);

--
-- Chỉ mục cho bảng `GIAOVIEN`
--
ALTER TABLE `GIAOVIEN`
  ADD PRIMARY KEY (`MAGV`),
  ADD KEY `MAKHOA` (`MAKHOA`),
  ADD KEY `PHANQUYEN` (`PHANQUYEN`);

--
-- Chỉ mục cho bảng `KHOA`
--
ALTER TABLE `KHOA`
  ADD PRIMARY KEY (`MAKHOA`);

--
-- Chỉ mục cho bảng `LOPHOC`
--
ALTER TABLE `LOPHOC`
  ADD PRIMARY KEY (`MALOPHOC`),
  ADD KEY `MAGV` (`MAGV`) USING BTREE,
  ADD KEY `MAMH` (`MAMH`) USING BTREE;

--
-- Chỉ mục cho bảng `LOPSH`
--
ALTER TABLE `LOPSH`
  ADD PRIMARY KEY (`MALOPSH`),
  ADD KEY `MAKHOA` (`MAKHOA`),
  ADD KEY `MAGV` (`MAGV`);

--
-- Chỉ mục cho bảng `MONHOC`
--
ALTER TABLE `MONHOC`
  ADD PRIMARY KEY (`MAMH`),
  ADD KEY `MAKHOA` (`MAKHOA`);

--
-- Chỉ mục cho bảng `QUYEN`
--
ALTER TABLE `QUYEN`
  ADD PRIMARY KEY (`PHANQUYEN`);

--
-- Chỉ mục cho bảng `SINHVIEN`
--
ALTER TABLE `SINHVIEN`
  ADD PRIMARY KEY (`MSSV`),
  ADD KEY `MAKHOA` (`MAKHOA`),
  ADD KEY `PHANQUYEN` (`PHANQUYEN`),
  ADD KEY `LOPSH_REF_SV` (`MALOPSH`);

--
-- Các ràng buộc cho các bảng đã đổ
--

--
-- Các ràng buộc cho bảng `CHUAN_L_G_MON`
--
ALTER TABLE `CHUAN_L_G_MON`
  ADD CONSTRAINT `chuan_l_g_mon_ibfk_1` FOREIGN KEY (`MAMH`) REFERENCES `MONHOC` (`MAMH`),
  ADD CONSTRAINT `chuan_l_g_mon_ibfk_2` FOREIGN KEY (`MACHUANL`) REFERENCES `CHUANL` (`MACHUANL`),
  ADD CONSTRAINT `chuan_l_g_mon_ibfk_3` FOREIGN KEY (`MACHUANG`) REFERENCES `CHUANG` (`MACHUANG`);

--
-- Các ràng buộc cho bảng `DETHI`
--
ALTER TABLE `DETHI`
  ADD CONSTRAINT `dethi_ibfk_1` FOREIGN KEY (`MALOPHOC`) REFERENCES `LOPHOC` (`MALOPHOC`);

--
-- Các ràng buộc cho bảng `DIEM`
--
ALTER TABLE `DIEM`
  ADD CONSTRAINT `diem_ibfk_1` FOREIGN KEY (`MACHUANG`) REFERENCES `CHUANG` (`MACHUANG`),
  ADD CONSTRAINT `diem_ibfk_2` FOREIGN KEY (`MADETHI`) REFERENCES `DETHI` (`MADETHI`),
  ADD CONSTRAINT `diem_ibfk_3` FOREIGN KEY (`MSSV`) REFERENCES `SINHVIEN` (`MSSV`),
  ADD CONSTRAINT `diem_ibfk_4` FOREIGN KEY (`MSSV`) REFERENCES `SINHVIEN` (`MSSV`);

--
-- Các ràng buộc cho bảng `GIAOVIEN`
--
ALTER TABLE `GIAOVIEN`
  ADD CONSTRAINT `giaovien_ibfk_1` FOREIGN KEY (`MAKHOA`) REFERENCES `KHOA` (`MAKHOA`),
  ADD CONSTRAINT `giaovien_ibfk_2` FOREIGN KEY (`PHANQUYEN`) REFERENCES `QUYEN` (`PHANQUYEN`);

--
-- Các ràng buộc cho bảng `LOPHOC`
--
ALTER TABLE `LOPHOC`
  ADD CONSTRAINT `lophoc_ibfk_1` FOREIGN KEY (`MAGV`) REFERENCES `GIAOVIEN` (`MAGV`),
  ADD CONSTRAINT `lophoc_ibfk_2` FOREIGN KEY (`MAMH`) REFERENCES `MONHOC` (`MAMH`);

--
-- Các ràng buộc cho bảng `LOPSH`
--
ALTER TABLE `LOPSH`
  ADD CONSTRAINT `lopsh_ibfk_1` FOREIGN KEY (`MAKHOA`) REFERENCES `KHOA` (`MAKHOA`),
  ADD CONSTRAINT `lopsh_ibfk_2` FOREIGN KEY (`MAGV`) REFERENCES `GIAOVIEN` (`MAGV`);

--
-- Các ràng buộc cho bảng `MONHOC`
--
ALTER TABLE `MONHOC`
  ADD CONSTRAINT `monhoc_ibfk_1` FOREIGN KEY (`MAKHOA`) REFERENCES `KHOA` (`MAKHOA`);

--
-- Các ràng buộc cho bảng `SINHVIEN`
--
ALTER TABLE `SINHVIEN`
  ADD CONSTRAINT `LOPSH_REF_SV` FOREIGN KEY (`MALOPSH`) REFERENCES `LOPSH` (`MALOPSH`),
  ADD CONSTRAINT `sinhvien_ibfk_1` FOREIGN KEY (`MAKHOA`) REFERENCES `KHOA` (`MAKHOA`),
  ADD CONSTRAINT `sinhvien_ibfk_2` FOREIGN KEY (`PHANQUYEN`) REFERENCES `QUYEN` (`PHANQUYEN`);
COMMIT;

/*!40101 SET CHARACTER_SET_CLIENT=@OLD_CHARACTER_SET_CLIENT */;
/*!40101 SET CHARACTER_SET_RESULTS=@OLD_CHARACTER_SET_RESULTS */;
/*!40101 SET COLLATION_CONNECTION=@OLD_COLLATION_CONNECTION */;
